poly1_smiles,poly2_smiles,class,Mn(kg/mol),PDI,HOMO(eV),LUMO(eV),u_h,u_e,uC*,Vth(eV),dimers1,dimers2,DOI,U_index
[Cs]C1=C(CCCCCCS([O-])(=O)=O)C=C([Fr])S1.CCCC[N+](CCCC)(CCCC)CCCC,[Cs]C1=C(CCCCCCS([O-])(=O)=O)C=C([Fr])S1.CCCC[N+](CCCC)(CCCC)CCCC,HP,42000,1.09,,,0.0013,,5.5,,['CC1=CSC(C2=C(C)C=CS2)=C1'],['CC1=CSC(C2=C(C)C=CS2)=C1'],https://doi.org/10.1002/adma.201403150,[4]
S1C2C(C=C1[Cs])=C(OCCOCCOCCOC)C1=C(C=C([Fr])S1)C=2OCCOCCOCCOC,S1C2C(C=C1[Cs])=C(OCCOCCOCCOC)C1=C(C=C([Fr])S1)C=2OCCOCCOCCOC,HP,4.2,1.54,-4.9,-2.72,0.001,,,-0.63,"['COC1=C2C(SC(C(S3)=CC4=C3C(OC)=C5C(SC=C5)=C4OC)=C2)=C(OC)C6=C1SC=C6','COC1=C2C(SC(C(S3)=CC4=C3C(OC)=C5C(SC=C5)=C4OC)=C2)=C(OC)C6=C1SC=C6']","['COC1=C2C(SC(C(S3)=CC4=C3C(OC)=C5C(SC=C5)=C4OC)=C2)=C(OC)C6=C1SC=C6','COC1=C2C(SC(C(S3)=CC4=C3C(OC)=C5C(SC=C5)=C4OC)=C2)=C(OC)C6=C1SC=C6']",https://doi.org/10.1021/jacs.6b05280,[43]
S1C2C(C=C1C1SC([Cs])=CC=1)=C(OCCOCCOCCOC)C1=C(C=C([Fr])S1)C=2OCCOCCOCCOC,S1C2C(C=C1C1SC([Cs])=CC=1)=C(OCCOCCOCCOC)C1=C(C=C([Fr])S1)C=2OCCOCCOCCOC,HP,,,-4.83,-2.71,0.001,,,-0.582857143,"['COC1=C2C(SC(C3=CC=CS3)=C2)=C(OC)C4=C1SC=C4','COC1=C2C(SC(C3=CC=CS3)=C2)=C(OC)C4=C1SC=C4']","['COC1=C2C(SC(C3=CC=CS3)=C2)=C(OC)C4=C1SC=C4','COC1=C2C(SC(C3=CC=CS3)=C2)=C(OC)C4=C1SC=C4']",https://doi.org/10.1021/jacs.6b05280,"[3, 43]"
S1C2C(C=C1C1SC(C3=CC=C([Cs])S3)=CC=1)=C(OCCOCCOCCOC)C1=C(C=C([Fr])S1)C=2OCCOCCOCCOC,S1C2C(C=C1C1SC(C3=CC=C([Cs])S3)=CC=1)=C(OCCOCCOCCOC)C1=C(C=C([Fr])S1)C=2OCCOCCOCCOC,HP,,,-4.92,-2.85,0.009,,,-0.588571429,"['COC1=C2C(SC(C3=CC=CS3)=C2)=C(OC)C4=C1SC=C4','COC1=C2C(SC(C3=CC=CS3)=C2)=C(OC)C4=C1SC=C4','C1(C2=CC=CS2)=CC=CS1']","['COC1=C2C(SC(C3=CC=CS3)=C2)=C(OC)C4=C1SC=C4','COC1=C2C(SC(C3=CC=CS3)=C2)=C(OC)C4=C1SC=C4','C1(C2=CC=CS2)=CC=CS1']",https://doi.org/10.1021/jacs.6b05280,"[3, 3, 43]"
S1C2C(C=C1C1SC(C3=C(OCCOCCOCCOC)C=C([Cs])S3)=C(OCCOCCOCCOC)C=1)=C(OCCOCCOCCOC)C1=C(C=C([Fr])S1)C=2OCCOCCOCCOC,S1C2C(C=C1C1SC(C3=C(OCCOCCOCCOC)C=C([Cs])S3)=C(OCCOCCOCCOC)C=1)=C(OCCOCCOCCOC)C1=C(C=C([Fr])S1)C=2OCCOCCOCCOC,HP,22.1,1.89,-4.43,-2.55,0.01,,4.8,-0.323333333,"['COC1=CSC(C(SC2=C(OC)C3=C4SC=C3)=CC2=C4OC)=C1','COC(C=CS1)=C1C(SC=C2)=C2OC','COC1=CSC(C(SC2=C(OC)C3=C4SC=C3)=CC2=C4OC)=C1']","['COC1=CSC(C(SC2=C(OC)C3=C4SC=C3)=CC2=C4OC)=C1','COC(C=CS1)=C1C(SC=C2)=C2OC','COC1=CSC(C(SC2=C(OC)C3=C4SC=C3)=CC2=C4OC)=C1']",https://doi.org/10.1021/jacs.6b05280,"[154, 154, 43]"
C([Fr])1SC(C2=C(OCCOCCOCCOC)C=C(C3SC([Cs])=CC=3)S2)=C(OCCOCCOCCOC)C=1,C([Fr])1SC(C2=C(OCCOCCOCCOC)C=C(C3SC([Cs])=CC=3)S2)=C(OCCOCCOCCOC)C=1,HP,62.5,1.59,-4.38,-2.65,0.28,,167,-0.248666667,"['COC(C=CS1)=C1C(SC=C2)=C2OC','COC1=CSC(C2=CC=CS2)=C1','COC1=CSC(C2=CC=CS2)=C1']","['COC(C=CS1)=C1C(SC=C2)=C2OC','COC1=CSC(C2=CC=CS2)=C1','COC1=CSC(C2=CC=CS2)=C1']",https://doi.org/10.1021/jacs.6b05280,"[154, 154, 3]"
O(CCOCCOCCOC)C1C=C(C2=CC3SC([Cs])=CC=3S2)SC=1C1=C(OCCOCCOCCOC)C=C([Fr])S1,O(CCOCCOCCOC)C1C=C(C2=CC3SC([Cs])=CC=3S2)SC=1C1=C(OCCOCCOCCOC)C=C([Fr])S1,HP,10,2,-4.4,,1.27,,261,,"['COC1=C(C2=C(C=CS2)OC)SC=C1','COC1=CSC(C2=CC3=C(S2)C=CS3)=C1','COC1=CSC(C2=CC3=C(S2)C=CS3)=C1']","['COC1=C(C2=C(C=CS2)OC)SC=C1','COC1=CSC(C2=CC3=C(S2)C=CS3)=C1','COC1=CSC(C2=CC3=C(S2)C=CS3)=C1']",https://doi.org/10.1073/pnas.1608780113,"[154, 154, 12]"
[Cs]C1=C(CCCCCCS([O-])(=O)=O)C=C([Fr])S1.CCCC[N+](CCCC)(CCCC)CCCC,[Cs]C1=C(CCCCCCS([O-])(=O)=O)C=C([Fr])S1.CCCC[N+](CCCC)(CCCC)CCCC,HP,,,-5.52,,8.18E-09,,4.09E-08,,['CC1=CSC(C2=C(C)C=CS2)=C1'],['CC1=CSC(C2=C(C)C=CS2)=C1'],https://doi.org/10.1002/macp.201700374,[4]
[Cs]C1=C(CCCCCCS([O-])(=O)=O)C=C([Fr])S1.CC[N+](CC)(CC)CC,[Cs]C1=C(CCCCCCS([O-])(=O)=O)C=C([Fr])S1.CC[N+](CC)(CC)CC,HP,,,-5.5,,8.21E-09,,1.81E-07,,['CC1=CSC(C2=C(C)C=CS2)=C1'],['CC1=CSC(C2=C(C)C=CS2)=C1'],https://doi.org/10.1002/macp.201700374,[4]
[Cs]C1=C(CCCCCCS([O-])(=O)=O)C=C([Fr])S1.C[N+](C)(C)C,[Cs]C1=C(CCCCCCS([O-])(=O)=O)C=C([Fr])S1.C[N+](C)(C)C,HP,,,-5.43,,2.67E-07,,2.19E-09,,['CC1=CSC(C2=C(C)C=CS2)=C1'],['CC1=CSC(C2=C(C)C=CS2)=C1'],https://doi.org/10.1002/macp.201700374,[4]
COCCOCCOCCOCC1(COC2=C(C3=C4OCC(C)(C)COC4=C([Cs])S3)SC([Fr])=C2OC1)COCCOCCOCCOC,COCCOCCOCCOCC1(COC2=C(C3=C4OCC(C)(C)COC4=C([Cs])S3)SC([Fr])=C2OC1)COCCOCCOCCOC,HP,22.5,2,,,0.063,,6.99,,"['CC1(COC2=C(C3=C4OCC(C)(C)COC4=CS3)SC=C2OC1)C','CC1(COC2=C(C3=C4OCC(C)(C)COC4=CS3)SC=C2OC1)C']","['CC1(COC2=C(C3=C4OCC(C)(C)COC4=CS3)SC=C2OC1)C','CC1(COC2=C(C3=C4OCC(C)(C)COC4=CS3)SC=C2OC1)C']",https://doi.org/10.1002/adma.201804647,[211]
[Fr]C1=C(COCCOCCOC)C=C([Cs])S1,[Fr]C1=C(COCCOCCOC)C=C([Cs])S1,HP,11,2,,,0.281,,49.1,,"['CC1=C(C2=CC(C)=CS2)SC=C1','CC1=C(C2=CC(C)=CS2)SC=C1']","['CC1=C(C2=CC(C)=CS2)SC=C1','CC1=C(C2=CC(C)=CS2)SC=C1']",https://doi.org/10.1021/jacs.8b12640,[4]
C(OC1=C(C2SC([Fr])=CC=2OCCCCCCCCCCCCCC)SC(C2SC3=C(C=2)SC([Cs])=C3)=C1)CCCCCCCCCCCCC,C(OC1=C(C2SC([Fr])=CC=2OCCCCCCCCCCCCCC)SC(C2SC3=C(C=2)SC([Cs])=C3)=C1)CCCCCCCCCCCCC,HP,,,-4.73,,5.20E-05,,0.000988,-0.39,"['COC(C=CS1)=C1C2=C(C=CS2)OC','COC1=CSC(C2=CC3=C(C=CS3)S2)=C1','COC1=CSC(C2=CC3=C(C=CS3)S2)=C1']","['COC(C=CS1)=C1C2=C(C=CS2)OC','COC1=CSC(C2=CC3=C(C=CS3)S2)=C1','COC1=CSC(C2=CC3=C(C=CS3)S2)=C1']",https://doi.org/10.1002/adfm.201907657,"[12, 154, 154]"
O(C1C=C([Fr])SC=1C1=C(OCCCOCCCOCCCOC)C=C(C2=CC3=C(S2)C=C([Cs])S3)S1)CCCOCCCOCCCOC,O(C1C=C([Fr])SC=1C1=C(OCCCOCCCOCCCOC)C=C(C2=CC3=C(S2)C=C([Cs])S3)S1)CCCOCCCOCCCOC,HP,5.5,,-4.52,,0.55,,163,-0.08,"['COC(C=CS1)=C1C2=C(C=CS2)OC','COC1=CSC(C2=CC3=C(C=CS3)S2)=C1','COC1=CSC(C2=CC3=C(C=CS3)S2)=C1']","['COC(C=CS1)=C1C2=C(C=CS2)OC','COC1=CSC(C2=CC3=C(C=CS3)S2)=C1','COC1=CSC(C2=CC3=C(C=CS3)S2)=C1']",https://doi.org/10.1002/adfm.201907657,"[12, 154, 154]"
O(C1=C(C2SC([Fr])=CC=2OCCOCCOCCOCCOCCOCCCOC)SC(C2=CC3=C(S2)C=C([Cs])S3)=C1)CCOCCOCCOCCOCCOCCOC,O(C1=C(C2SC([Fr])=CC=2OCCOCCOCCOCCOCCOCCCOC)SC(C2=CC3=C(S2)C=C([Cs])S3)=C1)CCOCCOCCOCCOCCOCCOC,HP,6,,-4.53,,0.07,,16.2,-0.08,"['COC(C=CS1)=C1C2=C(C=CS2)OC','COC1=CSC(C2=CC3=C(C=CS3)S2)=C1','COC1=CSC(C2=CC3=C(C=CS3)S2)=C1']","['COC(C=CS1)=C1C2=C(C=CS2)OC','COC1=CSC(C2=CC3=C(C=CS3)S2)=C1','COC1=CSC(C2=CC3=C(C=CS3)S2)=C1']",https://doi.org/10.1002/adfm.201907657,"[12, 154, 154]"
O(CCOCCOC)C1C=C([Fr])SC=1[Cs],O(CCOCCOC)C1C=C([Fr])SC=1[Cs],HP,10,1.43,-4.5,,0.0005,,0.05,-0.18,['COC1=C(C2=CC(OC)=CS2)SC=C1'],['COC1=C(C2=CC(OC)=CS2)SC=C1'],https://doi.org/10.1021/acsami.9b21604,[154]
O(CCOC)CCOCC1C=C([Fr])SC=1[Cs],O(CCOC)CCOCC1C=C([Fr])SC=1[Cs],HP,12,1.21,-4.7,,0.06125,,10.9,-0.66,['COC1=C(C2=CC(OC)=CS2)SC=C1'],['COC1=C(C2=CC(OC)=CS2)SC=C1'],https://doi.org/10.1021/acsami.9b21604,[154]
O(CCOC)CCOCCC1C=C([Fr])SC=1[Cs],O(CCOC)CCOCCC1C=C([Fr])SC=1[Cs],HP,13,1.08,-4.66,,0.0475,,12.9,-0.57,['COC1=C(C2=CC(OC)=CS2)SC=C1'],['COC1=C(C2=CC(OC)=CS2)SC=C1'],https://doi.org/10.1021/acsami.9b21604,[154]
O=C1C2C(C(N(CCOCCOCCOCCOCCOCCOCCOC)C=2C2=NC=C(C3=CC(OC)=C(C4SC([Cs])=CC=4OC)S3)C=C2)=O)=C(C2=CC=C([Fr])C=N2)N1CCOCCOCCOCCOCCOCCOCCOC,O=C1C2C(C(N(CCOCCOCCOCCOCCOCCOCCOC)C=2C2=NC=C(C3=CC(OC)=C(C4SC([Cs])=CC=4OC)S3)C=C2)=O)=C(C2=CC=C([Fr])C=N2)N1CCOCCOCCOCCOCCOCCOCCOC,HP,,,-5,-3.6,0.037,,2.22,,"['COC(C=CS1)=C1C2=C(OC)C=CS2','COC1=CSC(C2=CN=CC=C2)=C1','O=C1C(C2=CN1C)=C(C3=NC=CC=C3)N(C)C2=O','O=C1C(C2=CN1C)=C(C3=NC=CC=C3)N(C)C2=O','COC1=CSC(C2=CN=CC=C2)=C1']","['COC(C=CS1)=C1C2=C(OC)C=CS2','COC1=CSC(C2=CN=CC=C2)=C1','O=C1C(C2=CN1C)=C(C3=NC=CC=C3)N(C)C2=O','O=C1C(C2=CN1C)=C(C3=NC=CC=C3)N(C)C2=O','COC1=CSC(C2=CN=CC=C2)=C1']",https://doi.org/10.1002/adma.201908047,"[1, 30, 1, 154, 154]"
O(CCOCCOCCOC)C1C=C(C2=CC=C([Cs])S2)SC=1C1=C(C=C([Fr])S1)OCCOCCOCCOC,O(CCOCCOCCOC)C1C=C(C2=CC=C([Cs])S2)SC=1C1=C(C=C([Fr])S1)OCCOCCOCCOC,HP,22.6,2,-4.57,,0.0001,,11,-0.2,"['COC1=C(C2=C(OC)C=CS2)SC=C1','COC1=CSC(C2=CC=CS2)=C1','COC1=CSC(C2=CC=CS2)=C1']","['COC1=C(C2=C(OC)C=CS2)SC=C1','COC1=CSC(C2=CC=CS2)=C1','COC1=CSC(C2=CC=CS2)=C1']",https://doi.org/10.1021/acs.chemmater.0c02041,"[3, 154, 154]"
O(CCOCCOCCOCCOC)C1C=C(C2=CC=C([Cs])S2)SC=1C1=C(C=C([Fr])S1)OCCOCCOCCOCCOC,O(CCOCCOCCOCCOC)C1C=C(C2=CC=C([Cs])S2)SC=1C1=C(C=C([Fr])S1)OCCOCCOCCOCCOC,HP,28,2.5,-4.64,,0.17,,144,-0.18,"['COC1=C(C2=C(OC)C=CS2)SC=C1','COC1=CSC(C2=CC=CS2)=C1','COC1=CSC(C2=CC=CS2)=C1']","['COC1=C(C2=C(OC)C=CS2)SC=C1','COC1=CSC(C2=CC=CS2)=C1','COC1=CSC(C2=CC=CS2)=C1']",https://doi.org/10.1021/acs.chemmater.0c02041,"[3, 154, 154]"
O(CCOCCOCCOCCOCCOCCOC)C1C=C(C2=CC=C([Cs])S2)SC=1C1=C(C=C([Fr])S1)OCCOCCOCCOCCOCCOCCOC,O(CCOCCOCCOCCOCCOCCOC)C1C=C(C2=CC=C([Cs])S2)SC=1C1=C(C=C([Fr])S1)OCCOCCOCCOCCOCCOCCOC,HP,12.5,2.1,-4.66,,0.07,,62,-0.19,"['COC1=C(C2=C(OC)C=CS2)SC=C1','COC1=CSC(C2=CC=CS2)=C1','COC1=CSC(C2=CC=CS2)=C1']","['COC1=C(C2=C(OC)C=CS2)SC=C1','COC1=CSC(C2=CC=CS2)=C1','COC1=CSC(C2=CC=CS2)=C1']",https://doi.org/10.1021/acs.chemmater.0c02041,"[3, 154, 154]"
O(CCOCCOCCOC)C1=C(SC(C2=CC(=C(S2)C2SC([Fr])=CC=2OCCOCCOCCOC)OCCOCCOCCOC)=C1)C1SC([Cs])=CC=1OCCOCCOCCOC,O(CCOCCOCCOC)C1=C(SC(C2=CC(=C(S2)C2SC([Fr])=CC=2OCCOCCOCCOC)OCCOCCOCCOC)=C1)C1SC([Cs])=CC=1OCCOCCOCCOC,HP,,,-4.46,-2.81,1,,161,0.03,"['COC1=C(C2=C(OC)C=CS2)SC=C1','COC1=CSC(C2=CC(OC)=CS2)=C1','COC1=C(C2=C(OC)C=CS2)SC=C1','COC1=CSC(C2=CC(OC)=CS2)=C1']","['COC1=C(C2=C(OC)C=CS2)SC=C1','COC1=CSC(C2=CC(OC)=CS2)=C1','COC1=C(C2=C(OC)C=CS2)SC=C1','COC1=CSC(C2=CC(OC)=CS2)=C1']",https://doi.org/10.1002/adma.202002748,[154]
O(CCOCCOCCOCCOC)C1=C(SC(C2=CC(=C(S2)C2SC([Fr])=CC=2OCCOCCOC)OCCOCCOC)=C1)C1SC([Cs])=CC=1OCCOCCOCCOCCOC,O(CCOCCOCCOCCOC)C1=C(SC(C2=CC(=C(S2)C2SC([Fr])=CC=2OCCOCCOC)OCCOCCOC)=C1)C1SC([Cs])=CC=1OCCOCCOCCOCCOC,HP,,,-4.46,-2.82,2.03,,522,0.02,"['COC1=C(C2=C(OC)C=CS2)SC=C1','COC1=CSC(C2=CC(OC)=CS2)=C1','COC1=C(C2=C(OC)C=CS2)SC=C1','COC1=CSC(C2=CC(OC)=CS2)=C1']","['COC1=C(C2=C(OC)C=CS2)SC=C1','COC1=CSC(C2=CC(OC)=CS2)=C1','COC1=C(C2=C(OC)C=CS2)SC=C1','COC1=CSC(C2=CC(OC)=CS2)=C1']",https://doi.org/10.1002/adma.202002748,[154]
O(CCOCCOCCOCCOCCOC)C1=C(SC(C2=CC(=C(S2)C2SC([Fr])=CC=2OCCOC)OCCOC)=C1)C1SC([Cs])=CC=1OCCOCCOCCOCCOCCOC,O(CCOCCOCCOCCOCCOC)C1=C(SC(C2=CC(=C(S2)C2SC([Fr])=CC=2OCCOC)OCCOC)=C1)C1SC([Cs])=CC=1OCCOCCOCCOCCOCCOC,HP,,,-4.5,-2.85,2.91,,496,0.1,"['COC1=C(C2=C(OC)C=CS2)SC=C1','COC1=CSC(C2=CC(OC)=CS2)=C1','COC1=C(C2=C(OC)C=CS2)SC=C1','COC1=CSC(C2=CC(OC)=CS2)=C1']","['COC1=C(C2=C(OC)C=CS2)SC=C1','COC1=CSC(C2=CC(OC)=CS2)=C1','COC1=C(C2=C(OC)C=CS2)SC=C1','COC1=CSC(C2=CC(OC)=CS2)=C1']",https://doi.org/10.1002/adma.202002748,[154]
O(CCOCCOCCOCCOCCOCCOC)C1=C(SC(C2=CC(=C(S2)C2SC([Fr])=CC=2OC)OC)=C1)C1SC([Cs])=CC=1OCCOCCOCCOCCOCCOCCOC,O(CCOCCOCCOCCOCCOCCOC)C1=C(SC(C2=CC(=C(S2)C2SC([Fr])=CC=2OC)OC)=C1)C1SC([Cs])=CC=1OCCOCCOCCOCCOCCOCCOC,HP,,,-4.43,-2.79,3.32,,302,0.18,"['COC1=C(C2=C(OC)C=CS2)SC=C1','COC1=CSC(C2=CC(OC)=CS2)=C1','COC1=C(C2=C(OC)C=CS2)SC=C1','COC1=CSC(C2=CC(OC)=CS2)=C1']","['COC1=C(C2=C(OC)C=CS2)SC=C1','COC1=CSC(C2=CC(OC)=CS2)=C1','COC1=C(C2=C(OC)C=CS2)SC=C1','COC1=CSC(C2=CC(OC)=CS2)=C1']",https://doi.org/10.1002/adma.202002748,[154]
C(C1C=C(C2=CC(CCCCCCCCCCCC)=C(C3=CC=C(C4=C5C(C(N4CCOCCOCCOC)=O)=C(C4=CC=C([Fr])S4)N(CCOCCOCCOC)C5=O)S3)S2)SC=1[Cs])CCCCCCCCCCC,C(C1C=C(C2=CC(CCCCCCCCCCCC)=C(C3=CC=C(C4=C5C(C(N4CCOCCOCCOC)=O)=C(C4=CC=C([Fr])S4)N(CCOCCOCCOC)C5=O)S3)S2)SC=1[Cs])CCCCCCCCCCC,HP,,,-4.93,,1.6,,210,-0.93,"['CC1=CSC(C2=CC(C)=CS2)=C1','CC(C=CS1)=C1C2=CC=CS2','CN(C=C1C2=C(N(C1=O)C)C3=CC=CS3)C2=O','CN(C=C1C2=C(N(C1=O)C)C3=CC=CS3)C2=O','CC(C=CS1)=C1C2=CC=CS2']","['CC1=CSC(C2=CC(C)=CS2)=C1','CC(C=CS1)=C1C2=CC=CS2','CN(C=C1C2=C(N(C1=O)C)C3=CC=CS3)C2=O','CN(C=C1C2=C(N(C1=O)C)C3=CC=CS3)C2=O','CC(C=CS1)=C1C2=CC=CS2']",https://doi.org/10.1002/aelm.202000701,"[4, 4, 3, 30, 3]"
O=C1N(CC(COCCOCCOCCOC)COCCOCCOCCOC)C(C2=CC=C(S2)[Fr])=C3C(N(CC(COCCOCCOCCOC)COCCOCCOCCOC)C(C4=CC=C(S4)C5=CC=C(S5)[Cs])=C31)=O,O=C1N(CC(COCCOCCOCCOC)COCCOCCOCCOC)C(C2=CC=C(S2)[Fr])=C3C(N(CC(COCCOCCOCCOC)COCCOCCOCCOC)C(C4=CC=C(S4)C5=CC=C(S5)[Cs])=C31)=O,HP,69,2.32,-4.98,-3.69,1.74,,7,-0.6,"['O=C1N(C(C2=CC=CS2)=C3C(N(C=C31)C)=O)C','O=C1N(C=C2C(N(C(C3=CC=CS3)=C21)C)=O)C','C1(C2=CC=CS2)=CC=CS1','C1(C2=CC=CS2)=CC=CS1']","['O=C1N(C(C2=CC=CS2)=C3C(N(C=C31)C)=O)C','O=C1N(C=C2C(N(C(C3=CC=CS3)=C21)C)=O)C','C1(C2=CC=CS2)=CC=CS1','C1(C2=CC=CS2)=CC=CS1']",https://doi.org/10.1039/D1TC00440A,"[3, 30, 3, 3]"
O=C1N(CC(COCCOCCOCCOC)COCCOCCOCCOC)C(C2=CC=C(S2)[Fr])=C3C(N(CC(COCCOCCOCCOC)COCCOCCOCCOC)C(C4=CC=C(S4)C5=CC=C(S5)C6=CC=C([Cs])S6)=C31)=O,O=C1N(CC(COCCOCCOCCOC)COCCOCCOCCOC)C(C2=CC=C(S2)[Fr])=C3C(N(CC(COCCOCCOCCOC)COCCOCCOCCOC)C(C4=CC=C(S4)C5=CC=C(S5)C6=CC=C([Cs])S6)=C31)=O,HP,70.6,2.27,-4.91,-3.74,0.61,,52,-0.57,"['O=C1N(C(C2=CC=CS2)=C3C(N(C=C31)C)=O)C','O=C1N(C=C2C(N(C(C3=CC=CS3)=C21)C)=O)C','C1(C2=CC=CS2)=CC=CS1','C1(C2=CC=CS2)=CC=CS1','C1(C2=CC=CS2)=CC=CS1']","['O=C1N(C(C2=CC=CS2)=C3C(N(C=C31)C)=O)C','O=C1N(C=C2C(N(C(C3=CC=CS3)=C21)C)=O)C','C1(C2=CC=CS2)=CC=CS1','C1(C2=CC=CS2)=CC=CS1','C1(C2=CC=CS2)=CC=CS1']",https://doi.org/10.1039/D1TC00440A,"[3, 30, 3, 3, 3]"
O=C1N(C(C2=CC=C([Fr])S2)=C3C(N(C(C4=CC=C(C5=CC(OC)=C(C6=C(C=C(S6)[Cs])OC)S5)S4)=C31)CCOCCOCCOCCOCCOCCOCCOC)=O)CCOCCOCCOCCOCCOCCOCCOC,O=C1N(C(C2=CC=C([Fr])S2)=C3C(N(C(C4=CC=C(C5=CC(OC)=C(C6=C(C=C(S6)[Cs])OC)S5)S4)=C31)CCOCCOCCOCCOCCOCCOCCOC)=O)CCOCCOCCOCCOCCOCCOCCOC,HP,61.7,2.37,-4.62,-3.72,2.43,,199,-0.17,"['O=C1N(C(C2=CC=CS2)=C3C(N(C=C31)C)=O)C','O=C1N(C(C2=CC=CS2)=C3C(N(C=C31)C)=O)C','COC1=C(C2=C(C=CS2)OC)SC=C1','COC1=CSC(C2=CC=CS2)=C1','COC1=CSC(C2=CC=CS2)=C1']","['O=C1N(C(C2=CC=CS2)=C3C(N(C=C31)C)=O)C','O=C1N(C(C2=CC=CS2)=C3C(N(C=C31)C)=O)C','COC1=C(C2=C(C=CS2)OC)SC=C1','COC1=CSC(C2=CC=CS2)=C1','COC1=CSC(C2=CC=CS2)=C1']",https://doi.org/10.1039/D1TC00440A,"[3, 30, 3, 154, 154]"
O=C1N(CC(COCCOCCOCCOC)COCCOCCOCCOC)C(C2=CC=C(S2)[Fr])=C3C(N(CC(COCCOCCOCCOC)COCCOCCOCCOC)C(C4=CC=C(S4)C5=CC(OC)=C(S5)C6=C(OC)C=C([Cs])S6)=C31)=O,O=C1N(CC(COCCOCCOCCOC)COCCOCCOCCOC)C(C2=CC=C(S2)[Fr])=C3C(N(CC(COCCOCCOCCOC)COCCOCCOCCOC)C(C4=CC=C(S4)C5=CC(OC)=C(S5)C6=C(OC)C=C([Cs])S6)=C31)=O,HP,64.9,2.13,-4.35,-3.75,1.67,,216,-0.33,"['O=C1N(C(C2=CC=CS2)=C3C(N(C=C31)C)=O)C','O=C1N(C(C2=CC=CS2)=C3C(N(C=C31)C)=O)C','COC1=C(C2=C(C=CS2)OC)SC=C1','COC1=CSC(C2=CC=CS2)=C1','COC1=CSC(C2=CC=CS2)=C1']","['O=C1N(C(C2=CC=CS2)=C3C(N(C=C31)C)=O)C','O=C1N(C(C2=CC=CS2)=C3C(N(C=C31)C)=O)C','COC1=C(C2=C(C=CS2)OC)SC=C1','COC1=CSC(C2=CC=CS2)=C1','COC1=CSC(C2=CC=CS2)=C1']",https://doi.org/10.1039/D1TC00440A,"[3, 30, 3, 154, 154]"
O(CCOC)CCOCCN1C(C2C(C(=O)N(CCOCCOCCOC)C=2C2=CC=C([Fr])S2)=C1C1=CC=C(C2=C3C(=C([Cs])S2)OCCO3)S1)=O,O(CCOC)CCOCCN1C(C2C(C(=O)N(CCOCCOCCOC)C=2C2=CC=C([Fr])S2)=C1C1=CC=C(C2=C3C(=C([Cs])S2)OCCO3)S1)=O,HP,9,1.1,-4.6,,0.084,,14,-0.38,"['CN1C(C(C2=C1)=C(C3=CC=CS3)N(C)C2=O)=O','CN1C(C(C2=C1)=C(C3=CC=CS3)N(C)C2=O)=O','C1(C2=C3OCCOC3=CS2)=CC=CS1','C1(C2=C3OCCOC3=CS2)=CC=CS1']","['CN1C(C(C2=C1)=C(C3=CC=CS3)N(C)C2=O)=O','CN1C(C(C2=C1)=C(C3=CC=CS3)N(C)C2=O)=O','C1(C2=C3OCCOC3=CS2)=CC=CS1','C1(C2=C3OCCOC3=CS2)=CC=CS1']",https://doi.org/10.1002/adfm.202010048,"[159, 3, 30, 3]"
O(CCOC)CCOCCN1C(C2C(C(=O)N(CCOCCOCCOC)C=2C2=CC=C([Fr])S2)=C1C1=CC=C(C2=CC(=C([Cs])S2)OCCOCCOC)S1)=O,O(CCOC)CCOCCN1C(C2C(C(=O)N(CCOCCOCCOC)C=2C2=CC=C([Fr])S2)=C1C1=CC=C(C2=CC(=C([Cs])S2)OCCOCCOC)S1)=O,HP,22,2.5,-4.62,,0.133,,45,-0.36,"['CN1C(C(C2=C1)=C(C3=CC=CS3)N(C)C2=O)=O','CN1C(C(C2=C1)=C(C3=CC=CS3)N(C)C2=O)=O','COC1=CSC(C2=CC=CS2)=C1','COC1=C(C2=CC=CS2)SC=C1']","['CN1C(C(C2=C1)=C(C3=CC=CS3)N(C)C2=O)=O','CN1C(C(C2=C1)=C(C3=CC=CS3)N(C)C2=O)=O','COC1=CSC(C2=CC=CS2)=C1','COC1=C(C2=CC=CS2)SC=C1']",https://doi.org/10.1002/adfm.202010048,"[3, 30, 3, 154]"
O=C1N(CCOCCOCCOC)C(C2=CC=C([Fr])S2)=C2C(N(CCOCCOCCOC)C(C3=CC=C(C4=CC5=C(C=C([Cs])S5)S4)S3)=C21)=O,O=C1N(CCOCCOCCOC)C(C2=CC=C([Fr])S2)=C2C(N(CCOCCOCCOC)C(C3=CC=C(C4=CC5=C(C=C([Cs])S5)S4)S3)=C21)=O,HP,,,-5.11,-3.89,0.66,,147,-0.54,"['O=C1N(C(C2=CC=CS2)=C3C(N(C=C31)C)=O)C','O=C1N(C(C2=CC=CS2)=C3C(N(C=C31)C)=O)C','C1(C2=CC3=C(S2)C=CS3)=CC=CS1','C1(C2=CC3=C(S2)C=CS3)=CC=CS1']","['O=C1N(C(C2=CC=CS2)=C3C(N(C=C31)C)=O)C','O=C1N(C(C2=CC=CS2)=C3C(N(C=C31)C)=O)C','C1(C2=CC3=C(S2)C=CS3)=CC=CS1','C1(C2=CC3=C(S2)C=CS3)=CC=CS1']",https://doi.org/10.1002/anie.202014078,"[3, 30, 3, 12]"
O=C1N(CCOCCOCCOC)C(C2=CC=C([Fr])S2)=C2C(N(CCOCCOCCOC)C(C3=CC=C(C4=CC=C(C5SC([Cs])=CC=5)S4)S3)=C21)=O,O=C1N(CCOCCOCCOC)C(C2=CC=C([Fr])S2)=C2C(N(CCOCCOCCOC)C(C3=CC=C(C4=CC=C(C5SC([Cs])=CC=5)S4)S3)=C21)=O,HP,,,-5.03,-3.81,1.72,,377,-0.52,"['C1(C2=CC=CS2)=CC=CS1','C1(C2=CC=CS2)=CC=CS1','O=C1N(C=C2C(N(C(C3=CC=CS3)=C21)C)=O)C','O=C1N(C=C2C(N(C(C3=CC=CS3)=C21)C)=O)C','C1(C2=CC=CS2)=CC=CS1']","['C1(C2=CC=CS2)=CC=CS1','C1(C2=CC=CS2)=CC=CS1','O=C1N(C=C2C(N(C(C3=CC=CS3)=C21)C)=O)C','O=C1N(C=C2C(N(C(C3=CC=CS3)=C21)C)=O)C','C1(C2=CC=CS2)=CC=CS1']",https://doi.org/10.1002/anie.202014078,"[3, 30, 3, 3, 3]"
O=C1N(CCOCCOCCOC)C(C2=CC=C([Fr])S2)=C2C(N(CCOCCOCCOC)C(C3=CC=C(C4=CC(OC)=C(C5SC([Cs])=CC=5OC)S4)S3)=C21)=O,O=C1N(CCOCCOCCOC)C(C2=CC=C([Fr])S2)=C2C(N(CCOCCOCCOC)C(C3=CC=C(C4=CC(OC)=C(C5SC([Cs])=CC=5OC)S4)S3)=C21)=O,HP,,,-4.56,-3.6,0.32,,62,-0.26,"['COC(C=CS1)=C1C2=C(OC)C=CS2','COC1=CSC(C2=CC=CS2)=C1','O=C1N(C=C2C(N(C(C3=CC=CS3)=C21)C)=O)C','O=C1N(C=C2C(N(C(C3=CC=CS3)=C21)C)=O)C','COC1=CSC(C2=CC=CS2)=C1']","['COC(C=CS1)=C1C2=C(OC)C=CS2','COC1=CSC(C2=CC=CS2)=C1','O=C1N(C=C2C(N(C(C3=CC=CS3)=C21)C)=O)C','O=C1N(C=C2C(N(C(C3=CC=CS3)=C21)C)=O)C','COC1=CSC(C2=CC=CS2)=C1']",https://doi.org/10.1002/anie.202014078,"[3, 30, 3, 154, 154]"
C(C(CCCCCCCCCC)CN1C(C2C(C(N(C=2C2=CC=C(C3SC(=C4C=3OCCO4)C3=C4C(OCCO4)=C([Cs])S3)S2)CC(CCCCCCCC)CCCCCCCCCC)=O)=C1C1=CC=C([Fr])S1)=O)CCCCCCC,C(C(CCCCCCCCCC)CN1C(C2C(C(N(C=2C2=CC=C(C3SC(=C4C=3OCCO4)C3=C4C(OCCO4)=C([Cs])S3)S2)CC(CCCCCCCC)CCCCCCCCCC)=O)=C1C1=CC=C([Fr])S1)=O)CCCCCCC,HP,120,1.42,-4.99,-3.78,0.095,,2.04,-0.53,"['C1(C2=C3OCCOC3=CS2)=C4C(OCCO4)=CS1','C1(C2=C(OCCO3)C3=CS2)=CC=CS1','CN1C(C(C2=C1C3=CC=CS3)=CN(C)C2=O)=O','CN1C(C(C2=C1C3=CC=CS3)=CN(C)C2=O)=O','C1(C2=C(OCCO3)C3=CS2)=CC=CS1']","['C1(C2=C3OCCOC3=CS2)=C4C(OCCO4)=CS1','C1(C2=C(OCCO3)C3=CS2)=CC=CS1','CN1C(C(C2=C1C3=CC=CS3)=CN(C)C2=O)=O','CN1C(C(C2=C1C3=CC=CS3)=CN(C)C2=O)=O','C1(C2=C(OCCO3)C3=CS2)=CC=CS1']",https://doi.org/10.1039/D1TC00338K,"[159, 159, 3, 30, 3]"
O1CCOC2C1=C(C1=C3C(OCCO3)=C([Cs])S1)SC=2C1SC(=CC=1)C1N(C(C2C=1C(N(C=2C1=CC=C([Fr])S1)CCOCCOCCOC)=O)=O)CCOCCOCCOC,O1CCOC2C1=C(C1=C3C(OCCO3)=C([Cs])S1)SC=2C1SC(=CC=1)C1N(C(C2C=1C(N(C=2C1=CC=C([Fr])S1)CCOCCOCCOC)=O)=O)CCOCCOCCOC,HP,97,1.22,-4.99,-3.81,0.087,,16.5,-0.06,"['C1(C2=C3OCCOC3=CS2)=C4C(OCCO4)=CS1','C1(C2=C(OCCO3)C3=CS2)=CC=CS1','CN1C(C(C2=C1C3=CC=CS3)=CN(C)C2=O)=O','CN1C(C(C2=C1C3=CC=CS3)=CN(C)C2=O)=O','C1(C2=C(OCCO3)C3=CS2)=CC=CS1']","['C1(C2=C3OCCOC3=CS2)=C4C(OCCO4)=CS1','C1(C2=C(OCCO3)C3=CS2)=CC=CS1','CN1C(C(C2=C1C3=CC=CS3)=CN(C)C2=O)=O','CN1C(C(C2=C1C3=CC=CS3)=CN(C)C2=O)=O','C1(C2=C(OCCO3)C3=CS2)=CC=CS1']",https://doi.org/10.1039/D1TC00338K,"[159, 159, 3, 30, 3]"
O=C1N(C(C2=CC=C([Fr])S2)=C2C1=C(N(C2=O)CCOCCOCCOC)C1=CC=C(C2SC(=CC=2CCCCCCCCCCCC)C2=CC(CCCCCCCCCCCC)=C([Cs])S2)S1)CCOCCOCCOC,O=C1N(C(C2=CC=C([Fr])S2)=C2C1=C(N(C2=O)CCOCCOCCOC)C1=CC=C(C2SC(=CC=2CCCCCCCCCCCC)C2=CC(CCCCCCCCCCCC)=C([Cs])S2)S1)CCOCCOCCOC,HP,190,1.65,-5.11,-3.8,0.044,,1.08,-0.59,"['O=C1N(C)C(C2=CC=CS2)=C3C1=CN(C)C3=O','O=C1N(C)C(C2=CC=CS2)=C3C1=CN(C)C3=O','CC1=C(SC=C1)C2=CC=CS2','CC1=CSC(C2=CC(C)=CS2)=C1','CC1=C(SC=C1)C2=CC=CS2']","['O=C1N(C)C(C2=CC=CS2)=C3C1=CN(C)C3=O','O=C1N(C)C(C2=CC=CS2)=C3C1=CN(C)C3=O','CC1=C(SC=C1)C2=CC=CS2','CC1=CSC(C2=CC(C)=CS2)=C1','CC1=C(SC=C1)C2=CC=CS2']",https://doi.org/10.1039/D1TC00338K,"[4, 4, 3, 30, 3]"
O=C1/C(/C2C=CC(C3=CC=C([Cs])S3)=CC=2N1CCCCCOCCOCCOCCOC)=C1/C(N(CCCCCOCCOCCOCCOC)C2=CC([Fr])=CC=C2/1)=O,O=C1/C(/C2C=CC(C3=CC=C([Cs])S3)=CC=2N1CCCCCOCCOCCOCCOC)=C1/C(N(CCCCCOCCOCCOCCOC)C2=CC([Fr])=CC=C2/1)=O,HP,13,,-5.66,-2.75,0.0032,,0.23,-0.69,"['O=C1/C(C2=C(N1C)C=C(C3=CC=CS3)C=C2)=C4C(N(C5=CC=CC=C5/4)C)=O','O=C1/C(C2=C(N1C)C=C(C3=CC=CS3)C=C2)=C4C(N(C5=CC=CC=C5/4)C)=O']","['O=C1/C(C2=C(N1C)C=C(C3=CC=CS3)C=C2)=C4C(N(C5=CC=CC=C5/4)C)=O','O=C1/C(C2=C(N1C)C=C(C3=CC=CS3)C=C2)=C4C(N(C5=CC=CC=C5/4)C)=O']",https://doi.org/10.1002/adma.202107829,"[20, 3]"
O=C1/C(/C2C=CC(C3=CC=C([Cs])S3)=NC=2N1CCCCCOCCOCCOCCOC)=C1/C(N(CCCCCOCCOCCOCCOC)C2=NC([Fr])=CC=C2/1)=O,O=C1/C(/C2C=CC(C3=CC=C([Cs])S3)=NC=2N1CCCCCOCCOCCOCCOC)=C1/C(N(CCCCCOCCOCCOCCOC)C2=NC([Fr])=CC=C2/1)=O,HP,,,-4.92,-2.8,1.3,,158,-0.2,"['O=C1/C(C2=C(N1C)N=C(C3=CC=CS3)C=C2)=C4C(N(C5=NC=CC=C5/4)C)=O','O=C1/C(C2=C(N1C)N=C(C3=CC=CS3)C=C2)=C4C(N(C5=NC=CC=C5/4)C)=O']","['O=C1/C(C2=C(N1C)N=C(C3=CC=CS3)C=C2)=C4C(N(C5=NC=CC=C5/4)C)=O','O=C1/C(C2=C(N1C)N=C(C3=CC=CS3)C=C2)=C4C(N(C5=NC=CC=C5/4)C)=O']",https://doi.org/10.1002/adma.202107829,"[21, 3]"
O=C1/C(C2=C(N1CCCCCOCCOCCOCCOC)N=C(C3=CC=C([Cs])C4=NSN=C43)C=C2)=C5C(N(C6=NC([Fr])=CC=C6/5)CCCCCOCCOCCOCCOC)=O,O=C1/C(C2=C(N1CCCCCOCCOCCOCCOC)N=C(C3=CC=C([Cs])C4=NSN=C43)C=C2)=C5C(N(C6=NC([Fr])=CC=C6/5)CCCCCOCCOCCOCCOC)=O,HP,,,-5.02,-2.98,0.91,,83,-0.34,"['O=C1/C(C2=C(N=C(C=C2)C3=CC=CC4=NSN=C43)N1C)=C5C(N(C)C6=NC=CC=C6/5)=O','O=C1/C(C2=C(N=C(C=C2)C3=CC=CC4=NSN=C43)N1C)=C5C(N(C)C6=NC=CC=C6/5)=O']","['O=C1/C(C2=C(N=C(C=C2)C3=CC=CC4=NSN=C43)N1C)=C5C(N(C)C6=NC=CC=C6/5)=O','O=C1/C(C2=C(N=C(C=C2)C3=CC=CC4=NSN=C43)N1C)=C5C(N(C)C6=NC=CC=C6/5)=O']",https://doi.org/10.1002/adma.202107829,"[21, 31]"
COCCOCCOCCOCCCCCN(C1=C/2SC([Fr])=C1)C(C2=C(C3=C(N4CCCCCOCCOCCOCCOC)C=C(C5=CC=C(C6=NSN=C56)[Cs])S3)\C4=O)=O,COCCOCCOCCOCCCCCN(C1=C/2SC([Fr])=C1)C(C2=C(C3=C(N4CCCCCOCCOCCOCCOC)C=C(C5=CC=C(C6=NSN=C56)[Cs])S3)\C4=O)=O,HP,29,,-5.9,-4.2,,0.0018,0.15,0.55,"['CN(C(/C1=C(C2=O)\C3=C(C=C(S3)C4=CC=CC5=NSN=C45)N2C)=O)C6=C1SC=C6','CN(C(/C1=C(C2=O)\C3=C(C=C(S3)C4=CC=CC5=NSN=C45)N2C)=O)C6=C1SC=C6']","['CN(C(/C1=C(C2=O)\C3=C(C=C(S3)C4=CC=CC5=NSN=C45)N2C)=O)C6=C1SC=C6','CN(C(/C1=C(C2=O)\C3=C(C=C(S3)C4=CC=CC5=NSN=C45)N2C)=O)C6=C1SC=C6']",https://doi.org/10.1002/adma.202107829,"[23, 31]"
S1C([Cs])=CC2=C1C1=C(C=C(C3=CC(OCCOCCOC)=C(S3)C3=C(OCCOCCOC)C=C([Fr])S3)S1)C2(CCOCCOCCOC)CCOCCOCCOC,S1C([Cs])=CC2=C1C1=C(C=C(C3=CC(OCCOCCOC)=C(S3)C3=C(OCCOCCOC)C=C([Fr])S3)S1)C2(CCOCCOCCOC)CCOCCOCCOC,HP,25.5,1.35,-4.3,-2.63,0.66,,94.3,-0.24,"['COC1=C(C2=C(C=CS2)OC)SC=C1','COC1=CSC(C(S2)=CC(C3(C)C)=C2C4=C3C=CS4)=C1','COC1=CSC(C(S2)=CC(C3(C)C)=C2C4=C3C=CS4)=C1']","['COC1=C(C2=C(C=CS2)OC)SC=C1','COC1=CSC(C(S2)=CC(C3(C)C)=C2C4=C3C=CS4)=C1','COC1=CSC(C(S2)=CC(C3(C)C)=C2C4=C3C=CS4)=C1']",https://doi.org/10.1021/acs.chemmater.1c03797,"[154, 154, 33]"
S1C([Cs])=CC2=C1C1=C(C=C(C3=CC(OCCOC)=C(S3)C3=C(OCCOC)C=C([Fr])S3)S1)C2(CCOCCOCCOC)CCOCCOCCOC,S1C([Cs])=CC2=C1C1=C(C=C(C3=CC(OCCOC)=C(S3)C3=C(OCCOC)C=C([Fr])S3)S1)C2(CCOCCOCCOC)CCOCCOCCOC,HP,12.4,1.3,-4.5,-2.82,0.9,,294.1,-0.21,"['COC1=C(C2=C(C=CS2)OC)SC=C1','COC1=CSC(C(S2)=CC(C3(C)C)=C2C4=C3C=CS4)=C1','COC1=CSC(C(S2)=CC(C3(C)C)=C2C4=C3C=CS4)=C1']","['COC1=C(C2=C(C=CS2)OC)SC=C1','COC1=CSC(C(S2)=CC(C3(C)C)=C2C4=C3C=CS4)=C1','COC1=CSC(C(S2)=CC(C3(C)C)=C2C4=C3C=CS4)=C1']",https://doi.org/10.1021/acs.chemmater.1c03797,"[154, 154, 33]"
S1C([Cs])=CC2=C1C1=C(C=C(C3=CC(OC)=C(S3)C3=C(OC)C=C([Fr])S3)S1)C2(CCOCCOCCOC)CCOCCOCCOC,S1C([Cs])=CC2=C1C1=C(C=C(C3=CC(OC)=C(S3)C3=C(OC)C=C([Fr])S3)S1)C2(CCOCCOCCOC)CCOCCOCCOC,HP,8.5,1.49,-4.17,-2.48,3.1,,275.4,-0.09,"['COC1=C(C2=C(C=CS2)OC)SC=C1','COC1=CSC(C(S2)=CC(C3(C)C)=C2C4=C3C=CS4)=C1','COC1=CSC(C(S2)=CC(C3(C)C)=C2C4=C3C=CS4)=C1']","['COC1=C(C2=C(C=CS2)OC)SC=C1','COC1=CSC(C(S2)=CC(C3(C)C)=C2C4=C3C=CS4)=C1','COC1=CSC(C(S2)=CC(C3(C)C)=C2C4=C3C=CS4)=C1']",https://doi.org/10.1021/acs.chemmater.1c03797,"[154, 154, 33]"
S1C(=CC2=C1C=C([Cs])S2)C1=CC(OCCOCCOCCOC)=C(C2=C(C=C([Fr])S2)OCCOCCOCCOC)S1,S1C(=CC2=C1C=C([Cs])S2)C1=CC(OCCOCCOCCOC)=C(C2=C(C=C([Fr])S2)OCCOCCOCCOC)S1,HP,24.7,1.4,-4.55,-2.81,1.91,,304.57,0,"['COC(C=CS1)=C1C2=C(OC)C=CS2','COC1=CSC(C2=CC3=C(C=CS3)S2)=C1','COC1=CSC(C2=CC3=C(C=CS3)S2)=C1']","['COC(C=CS1)=C1C2=C(OC)C=CS2','COC1=CSC(C2=CC3=C(C=CS3)S2)=C1','COC1=CSC(C2=CC3=C(C=CS3)S2)=C1']",https://doi.org/10.1039/D1MH01889B,"[154, 154, 12]"
S1C(=CC2=C1C=C([Cs])S2)C1=CC(OCCCOCCCOCCCOC)=C(C2=C(C=C([Fr])S2)OCCCOCCCOCCCOC)S1,S1C(=CC2=C1C=C([Cs])S2)C1=CC(OCCCOCCCOCCCOC)=C(C2=C(C=C([Fr])S2)OCCCOCCCOCCCOC)S1,HP,24.7,1.4,-4.53,-2.8,1.9,,198.74,-0.18,"['COC(C=CS1)=C1C2=C(OC)C=CS2','COC1=CSC(C2=CC3=C(C=CS3)S2)=C1','COC1=CSC(C2=CC3=C(C=CS3)S2)=C1']","['COC(C=CS1)=C1C2=C(OC)C=CS2','COC1=CSC(C2=CC3=C(C=CS3)S2)=C1','COC1=CSC(C2=CC3=C(C=CS3)S2)=C1']",https://doi.org/10.1039/D1MH01889B,"[154, 154, 12]"
S1C(=CC2=C1C=C([Cs])S2)C1=CC(OCCCCOCCCCOCCCCOC)=C(C2=C(C=C([Fr])S2)OCCCCOCCCCOCCCCOC)S1,S1C(=CC2=C1C=C([Cs])S2)C1=CC(OCCCCOCCCCOCCCCOC)=C(C2=C(C=C([Fr])S2)OCCCCOCCCCOCCCCOC)S1,HP,19.8,1.5,-4.53,-2.8,3.41,,354.2,-0.27,"['COC(C=CS1)=C1C2=C(OC)C=CS2','COC1=CSC(C2=CC3=C(C=CS3)S2)=C1','COC1=CSC(C2=CC3=C(C=CS3)S2)=C1']","['COC(C=CS1)=C1C2=C(OC)C=CS2','COC1=CSC(C2=CC3=C(C=CS3)S2)=C1','COC1=CSC(C2=CC3=C(C=CS3)S2)=C1']",https://doi.org/10.1039/D1MH01889B,"[154, 154, 12]"
O=C1C2C(C(N(CCOCCOCCOCCOC)C=2C2SC(=CC=2)C2=CC(OCCOCCOC)=C(/C=C/C3=C(C=C([Cs])S3)OCCOCCOC)S2)=O)=C(C2SC([Fr])=CC=2)N1CCOCCOCCOCCOC,O=C1C2C(C(N(CCOCCOCCOCCOC)C=2C2SC(=CC=2)C2=CC(OCCOCCOC)=C(/C=C/C3=C(C=C([Cs])S3)OCCOCCOC)S2)=O)=C(C2SC([Fr])=CC=2)N1CCOCCOCCOCCOC,HP,1.1,,-4.44,-3.3,1.17,,217.2,-0.36,"['COC(C=CS1)=C1C=C','COC(C=CS1)=C1C=C','COC1=CSC(C2=CC=CS2)=C1','O=C1C(C2=CN1C)=C(C3=CC=CS3)N(C)C2=O','O=C1C(C2=CN1C)=C(C3=CC=CS3)N(C)C2=O','COC1=CSC(C2=CC=CS2)=C1']","['COC(C=CS1)=C1C=C','COC(C=CS1)=C1C=C','COC1=CSC(C2=CC=CS2)=C1','O=C1C(C2=CN1C)=C(C3=CC=CS3)N(C)C2=O','O=C1C(C2=CN1C)=C(C3=CC=CS3)N(C)C2=O','COC1=CSC(C2=CC=CS2)=C1']",https://doi.org/10.1039/D1TC02994K,"[3, 30, 3, 154, 162, 154]"
O=C1C(C2=C(N1CCOCCOCCOCCOC)C3=CC=C([Fr])S3)=C(C4=CC=C(C5=CC(OCCOCCOC)=C(C(C6=NSN=C67)=CC=C7C8=C(OCCOCCOC)C=C(S8)[Cs])S5)S4)N(CCOCCOCCOCCOC)C2=O,O=C1C(C2=C(N1CCOCCOCCOCCOC)C3=CC=C([Fr])S3)=C(C4=CC=C(C5=CC(OCCOCCOC)=C(C(C6=NSN=C67)=CC=C7C8=C(OCCOCCOC)C=C(S8)[Cs])S5)S4)N(CCOCCOCCOCCOC)C2=O,HP,1.215,,-4.6,-3.37,0.186,,22.2,-0.42,"['COC(C=CS1)=C1C2=CC=CC3=NSN=C32','COC(C=CS1)=C1C2=CC=CC3=NSN=C32','COC1=CSC(C2=CC=CS2)=C1','O=C1C(C2=CN1C)=C(C3=CC=CS3)N(C)C2=O','O=C1C(C2=CN1C)=C(C3=CC=CS3)N(C)C2=O','COC1=CSC(C2=CC=CS2)=C1']","['COC(C=CS1)=C1C2=CC=CC3=NSN=C32','COC(C=CS1)=C1C2=CC=CC3=NSN=C32','COC1=CSC(C2=CC=CS2)=C1','O=C1C(C2=CN1C)=C(C3=CC=CS3)N(C)C2=O','O=C1C(C2=CN1C)=C(C3=CC=CS3)N(C)C2=O','COC1=CSC(C2=CC=CS2)=C1']",https://doi.org/10.1039/D1TC02994K,"[3, 30, 3, 154, 31, 154]"
C(C(CCCCCCCC)CN1C(C2C(C(N(CC(CCCCCCCCCC)CCCCCCCC)C=2C2=CC=C([Fr])S2)=O)=C1C1=CC=C(C2=CC=C(C3=C4C(C(N3CCOCCOCCOC)=O)=C(C3=CC=C([Cs])S3)N(CCOCCOCCOC)C4=O)S2)S1)=O)CCCCCCCCC,C(C(CCCCCCCC)CN1C(C2C(C(N(CC(CCCCCCCCCC)CCCCCCCC)C=2C2=CC=C([Fr])S2)=O)=C1C1=CC=C(C2=CC=C(C3=C4C(C(N3CCOCCOCCOC)=O)=C(C3=CC=C([Cs])S3)N(CCOCCOCCOC)C4=O)S2)S1)=O)CCCCCCCCC,HP,,,-5.1,-3.8,0.212038304,0.047879617,,,"['CN1C(C(C2=C1)=C(C3=CC=CS3)N(C)C2=O)=O','CN1C(C(C2=C1)=C(C3=CC=CS3)N(C)C2=O)=O','C1(C2=CC=CS2)=CC=CS1','CN(C(C1=CC=CS1)=C2C3=CN(C2=O)C)C3=O','CN(C(C1=CC=CS1)=C2C3=CN(C2=O)C)C3=O','C1(C2=CC=CS2)=CC=CS1']","['CN1C(C(C2=C1)=C(C3=CC=CS3)N(C)C2=O)=O','CN1C(C(C2=C1)=C(C3=CC=CS3)N(C)C2=O)=O','C1(C2=CC=CS2)=CC=CS1','CN(C(C1=CC=CS1)=C2C3=CN(C2=O)C)C3=O','CN(C(C1=CC=CS1)=C2C3=CN(C2=O)C)C3=O','C1(C2=CC=CS2)=CC=CS1']",https://doi.org/10.1002/adfm.202102903,"[3, 30, 3]"
N1=C2C(C(C3SC([Cs])=CC=3)=C(OCCOCCOCCOC)C(=C2C2=CC=C(C3=C(C(=C([Fr])S3)OCCOCCOCCOC)OCCOCCOCCOC)S2)F)=NS1,N1=C2C(C(C3SC([Cs])=CC=3)=C(OCCOCCOCCOC)C(=C2C2=CC=C(C3=C(C(=C([Fr])S3)OCCOCCOCCOC)OCCOCCOCCOC)S2)F)=NS1,HP,10,1.7,-4.61,-2.71,0.089,,15.13,-0.58,"['COC1=CSC(C2=CC=CS2)=C1OC','COC1=CC2=NSN=C2C(C3=CC=CS3)=C1F','COC1=C(C2=CC=CS2)C3=NSN=C3C=C1F','COC1=CSC(C2=CC=CS2)=C1OC']","['COC1=CSC(C2=CC=CS2)=C1OC','COC1=CC2=NSN=C2C(C3=CC=CS3)=C1F','COC1=C(C2=CC=CS2)C3=NSN=C3C=C1F','COC1=CSC(C2=CC=CS2)=C1OC']",https://doi.org/10.1002/anie.202106084,"[212, 3, 213, 3]"
O(CCOCCOC)CCOC1C2=C(C(=C(C3=CC=C([Cs])S3)S2)OCCOCCOCCOC)SC=1C1=CC=C(C2=C(C(F)=C([Fr])C3C2=NSN=3)OCCOCCOCCOC)S1,O(CCOCCOC)CCOC1C2=C(C(=C(C3=CC=C([Cs])S3)S2)OCCOCCOCCOC)SC=1C1=CC=C(C2=C(C(F)=C([Fr])C3C2=NSN=3)OCCOCCOCCOC)S1,HP,3.8,1.2,-4.65,-2.74,1.08,,119.88,-0.51,"['FC1=CC2=NSN=C2C(C3=CC=CS3)=C1OC','COC1=CSC2=C1SC(C3=CC=CS3)=C2OC','COC1=CSC2=C1SC(C3=CC=CS3)=C2OC','FC1=C(C2=CC=CS2)C3=NSN=C3C=C1OC']","['FC1=CC2=NSN=C2C(C3=CC=CS3)=C1OC','COC1=CSC2=C1SC(C3=CC=CS3)=C2OC','COC1=CSC2=C1SC(C3=CC=CS3)=C2OC','FC1=C(C2=CC=CS2)C3=NSN=C3C=C1OC']",https://doi.org/10.1002/anie.202106084,"[213, 3, 214, 3]"
O(C1C=C(SC=1C1=CC2=C(S1)C=C([Cs])S2)C1=CC(OCCOCCOCCOC)=C([Fr])S1)CCOCCOCCOC,O(C1C=C(SC=1C1=CC2=C(S1)C=C([Cs])S2)C1=CC(OCCOCCOCCOC)=C([Fr])S1)CCOCCOCCOC,HP,10,2.4,-4.63,-2.9,3.57,,520,-0.243,"['COC1=C(C2=CC3=C(C=CS3)S2)SC=C1','COC1=CSC(C2=CC(OC)=CS2)=C1','COC1=C(C2=CC3=C(C=CS3)S2)SC=C1']","['COC1=C(C2=CC3=C(C=CS3)S2)SC=C1','COC1=CSC(C2=CC(OC)=CS2)=C1','COC1=C(C2=CC3=C(C=CS3)S2)SC=C1']",https://doi.org/10.1021/jacs.1c03516,"[12, 154, 154]"
[Cs]C(S1)=CC2=C1C=C(C3=CC(OCCOCCOCCOC)=C(C(SC([Fr])=C4)=C4OCCOCCOCCOC)S3)S2,[Cs]C(S1)=CC2=C1C=C(C3=CC(OCCOCCOCCOC)=C(C(SC([Fr])=C4)=C4OCCOCCOCCOC)S3)S2,HP,7,2.857142857,-4.61,-2.87,0.55,,106,-0.0147,"['COC1=CSC(C2=CC3=C(C=CS3)S2)=C1','COC1=C(C2=C(OC)C=CS2)SC=C1','COC1=CSC(C2=CC3=C(C=CS3)S2)=C1']","['COC1=CSC(C2=CC3=C(C=CS3)S2)=C1','COC1=C(C2=C(OC)C=CS2)SC=C1','COC1=CSC(C2=CC3=C(C=CS3)S2)=C1']",https://doi.org/10.1021/jacs.1c03516,"[12, 154, 154]"
O(CCOCCOCCOC)C1=C(SC([Fr])=C1)C1=C(C=C([Cs])S1)OCCOCCOCCOC,O(CCOCCOCCOC)C1=C(SC([Fr])=C1)C1=C(C=C([Cs])S1)OCCOCCOCCOC,HP,8.5,2.9,,,0.04,,6.3,,"['COC1=C(C2=C(OC)C=CS2)SC=C1','COC1=CSC(C2=CC(OC)=CS2)=C1']","['COC1=C(C2=C(OC)C=CS2)SC=C1','COC1=CSC(C2=CC(OC)=CS2)=C1']",https://doi.org/10.1002/adfm.202100723,"[154, 154]"
O(C1=C(SC(C2SC(=C(C=2)OCCOCCOC)C2SC([Fr])=CC=2OCCOCCOC)=C1)C1SC([Cs])=CC=1OCCOCCOCCOC)CCOCCOCCOC,O(C1=C(SC(C2SC(=C(C=2)OCCOCCOC)C2SC([Fr])=CC=2OCCOCCOC)=C1)C1SC([Cs])=CC=1OCCOCCOCCOC)CCOCCOCCOC,HP,7.5,1.8,,,3.07,,395,,"['COC1=C(C2=C(OC)C=CS2)SC=C1','COC1=CSC(C2=CC(OC)=CS2)=C1','COC1=C(C2=C(OC)C=CS2)SC=C1','COC1=CSC(C2=CC(OC)=CS2)=C1']","['COC1=C(C2=C(OC)C=CS2)SC=C1','COC1=CSC(C2=CC(OC)=CS2)=C1','COC1=C(C2=C(OC)C=CS2)SC=C1','COC1=CSC(C2=CC(OC)=CS2)=C1']",https://doi.org/10.1002/adfm.202100723,[154]
COCCOCCOCC(OCC)OC1=C(C2=C(OCCOCCOCCOCCOC)C=C(S2)[Cs])SC([Fr])=C1,COCCOCCOCC(OCC)OC1=C(C2=C(OCCOCCOCCOCCOC)C=C(S2)[Cs])SC([Fr])=C1,HP,,,,,1.55,,189,,"['COC1=C(C2=C(OC)C=CS2)SC=C1','COC1=CSC(C2=CC(OC)=CS2)=C1']","['COC1=C(C2=C(OC)C=CS2)SC=C1','COC1=CSC(C2=CC(OC)=CS2)=C1']",https://doi.org/10.1002/adfm.202100723,[154]
O1CC(OCCOCCOC)(OCCOCCOC)COC2C1=C(C1=C3C(=C([Cs])S1)OCC(OCCOCCOC)(OCCOCCOC)CO3)SC=2[Fr],O1CC(OCCOCCOC)(OCCOCCOC)COC2C1=C(C1=C3C(=C([Cs])S1)OCC(OCCOCCOC)(OCCOCCOC)CO3)SC=2[Fr],HP,13,1.6,,,0.37,,75,-0.35,['COC(OC)(COC1=CS2)COC1=C2C3=C4C(OCC(OC)(CO4)OC)=CS3'],['COC(OC)(COC1=CS2)COC1=C2C3=C4C(OCC(OC)(CO4)OC)=CS3'],https://doi.org/10.1021/jacs.2c08850,[215]
O1CC(OCCOCCOCCOC)(OCCOCCOCCOC)COC2C1=C(C1=C3C(=C([Cs])S1)OCC(OCCOCCOCCOC)(OCCOCCOCCOC)CO3)SC=2[Fr],O1CC(OCCOCCOCCOC)(OCCOCCOCCOC)COC2C1=C(C1=C3C(=C([Cs])S1)OCC(OCCOCCOCCOC)(OCCOCCOCCOC)CO3)SC=2[Fr],HP,23,2,,,0.28,,60,-0.35,['COC(OC)(COC1=CS2)COC1=C2C3=C4C(OCC(OC)(CO4)OC)=CS3'],['COC(OC)(COC1=CS2)COC1=C2C3=C4C(OCC(OC)(CO4)OC)=CS3'],https://doi.org/10.1021/jacs.2c08850,[215]
O1CC(OCCOCCOCCOCCOC)(OCCOCCOCCOCCOC)COC2C1=C(C1=C3C(=C([Cs])S1)OCC(OCCOCCOCCOCCOC)(OCCOCCOCCOCCOC)CO3)SC=2[Fr],O1CC(OCCOCCOCCOCCOC)(OCCOCCOCCOCCOC)COC2C1=C(C1=C3C(=C([Cs])S1)OCC(OCCOCCOCCOCCOC)(OCCOCCOCCOCCOC)CO3)SC=2[Fr],HP,66,2.5,,,1.03,,208,-0.36,['COC(OC)(COC1=CS2)COC1=C2C3=C4C(OCC(OC)(CO4)OC)=CS3'],['COC(OC)(COC1=CS2)COC1=C2C3=C4C(OCC(OC)(CO4)OC)=CS3'],https://doi.org/10.1021/jacs.2c08850,[215]
O(CCOCCOCCOCCOC)C1C=C([Fr])SC=1C1SC(=CC=1OCCOCCOCCOCCOC)C1=CC2SC([Cs])=CC=2S1,O(CCOCCOCCOCCOC)C1C=C([Fr])SC=1C1SC(=CC=1OCCOCCOCCOCCOC)C1=CC2SC([Cs])=CC=2S1,HP,83.4,1.351318945,-4.26,-2.59,8.93,,1099,0.019,"['COC1=C(C2=C(OC)C=CS2)SC=C1','COC1=CSC(C2=CC3=C(S2)C=CS3)=C1','COC1=CSC(C2=CC3=C(S2)C=CS3)=C1']","['COC1=C(C2=C(OC)C=CS2)SC=C1','COC1=CSC(C2=CC3=C(S2)C=CS3)=C1','COC1=CSC(C2=CC3=C(S2)C=CS3)=C1']",https://doi.org/10.1038/s41467-022-35573-y,"[12, 154, 154]"
O=C1C2=C3C4=C(C(N(CCCCCCOCCOCCOCCOC)C(C4=CC(=C3C(=O)N1CCCCCCOCCOCCOCCOC)C1=CC=C([Cs])S1)=O)=O)C([Fr])=C2,O=C1C2=C3C4=C(C(N(CCCCCCOCCOCCOCCOC)C(C4=CC(=C3C(=O)N1CCCCCCOCCOCCOCCOC)C1=CC=C([Cs])S1)=O)=O)C([Fr])=C2,HP,42.4,2.061320755,-5.83,-4.18,,0.00568,2.32,0.22,"['O=C1C2=C3C4=C(C=C2)C(N(C(C4=CC(C5=CC=CS5)=C3C(N1C)=O)=O)C)=O','O=C1C2=C3C4=C(C=C2)C(N(C(C4=CC(C5=CC=CS5)=C3C(N1C)=O)=O)C)=O']","['O=C1C2=C3C4=C(C=C2)C(N(C(C4=CC(C5=CC=CS5)=C3C(N1C)=O)=O)C)=O','O=C1C2=C3C4=C(C=C2)C(N(C(C4=CC(C5=CC=CS5)=C3C(N1C)=O)=O)C)=O']",https://doi.org/10.1038/s41467-022-35573-y,"[41, 3]"
O(CCOCCOCCOC)C1C(OCCOCCOCCOC)=C([Fr])C2C(=NSN=2)C=1C1=CC=C(C2=C(C3=C(C(=C(C4=CC=C([Cs])S4)S3)OCCOCCOCCOC)S2)OCCOCCOCCOC)S1,O(CCOCCOCCOC)C1C(OCCOCCOCCOC)=C([Fr])C2C(=NSN=2)C=1C1=CC=C(C2=C(C3=C(C(=C(C4=CC=C([Cs])S4)S3)OCCOCCOCCOC)S2)OCCOCCOCCOC)S1,HP,21,1.6,-4.57,-2.36,0.26,,39.37,-0.6,"['COC(C1=C2C(OC)=CS1)=C(S2)C3=CC=CS3','COC(C1=C2C(OC)=CS1)=C(S2)C3=CC=CS3','COC1=C(C2=CC=CS2)C3=NSN=C3C=C1OC','COC1=C(C2=CC=CS2)C3=NSN=C3C=C1OC']","['COC(C1=C2C(OC)=CS1)=C(S2)C3=CC=CS3','COC(C1=C2C(OC)=CS1)=C(S2)C3=CC=CS3','COC1=C(C2=CC=CS2)C3=NSN=C3C=C1OC','COC1=C(C2=CC=CS2)C3=NSN=C3C=C1OC']",https://doi.org/10.1021/acs.chemmater.3c00327,"[3, 214, 3, 216]"
O(C1C([H])=C(SC=1C1=C(C=C(C2=C(OCCOCCOCCOC)C([H])=C([Fr])S2)C(=C1)OCCOCCOCCOC)OCCOCCOCCOC)C1C=CC([Cs])=CC=1)CCOCCOCCOC,O(C1C([H])=C(SC=1C1=C(C=C(C2=C(OCCOCCOCCOC)C([H])=C([Fr])S2)C(=C1)OCCOCCOCCOC)OCCOCCOCCOC)C1C=CC([Cs])=CC=1)CCOCCOCCOC.O,HP,46,,-4.46,-2.38,0.26,,48,-0.58,"['COC(C=CS1)=C1C2=CC(OC)=CC=C2OC','COC(C=CS1)=C1C2=CC(OC)=CC=C2OC','COC1=CSC(C2=CC=CC=C2)=C1','COC1=CSC(C2=CC=CC=C2)=C1']","['COC(C=CS1)=C1C2=CC(OC)=CC=C2OC','COC(C=CS1)=C1C2=CC(OC)=CC=C2OC','COC1=CSC(C2=CC=CC=C2)=C1','COC1=CSC(C2=CC=CC=C2)=C1']",https://doi.org/10.1002/anie.202304390,"[154, 80, 154, 2]"
O(CCOCCOCCOC)C1=C(SC(C2=C(C=C(C3=C([H])C(=C([Fr])S3)OCCOCCOCCOC)C(=C2)OCCOCCOCCOC)OCCOCCOCCOC)=C1[H])C1C=CC([Cs])=CC=1,O(CCOCCOCCOC)C1=C(SC(C2=C(C=C(C3=C([H])C(=C([Fr])S3)OCCOCCOCCOC)C(=C2)OCCOCCOCCOC)OCCOCCOCCOC)=C1[H])C1C=CC([Cs])=CC=1.O,HP,22,,-4.44,-2.29,0.61,,90,-0.63,"['COC1=CC=C(OC)C=C1C2=CC(OC)=CS2','COC1=CC=C(OC)C=C1C2=CC(OC)=CS2','COC1=CSC(C2=CC=CC=C2)=C1','COC1=CSC(C2=CC=CC=C2)=C1']","['COC1=CC=C(OC)C=C1C2=CC(OC)=CS2','COC1=CC=C(OC)C=C1C2=CC(OC)=CS2','COC1=CSC(C2=CC=CC=C2)=C1','COC1=CSC(C2=CC=CC=C2)=C1']",https://doi.org/10.1002/anie.202304390,"[154, 80, 154, 2]"
[H]C1=C(SC(C2=C(C=C(C3=C(OCCOCCOCCOC)C([H])=C([Fr])S3)C(OCCOCCOCCOC)=C2)OCCOCCOCCOC)=C1OCCOCCOCCOC)C4=CC=C([Cs])S4,[H]C1=C(SC(C2=C(C=C(C3=C(OCCOCCOCCOC)C([H])=C([Fr])S3)C(OCCOCCOCCOC)=C2)OCCOCCOCCOC)=C1OCCOCCOCCOC)C4=CC=C([Cs])S4,HP,28,,-4.34,-2.45,1.65,,319,-0.55,"['COC(C=CC(OC)=C1)=C1C2=C(OC)C=CS2','COC(C=CC(OC)=C1)=C1C2=C(OC)C=CS2','COC1=CSC(C2=CC=CS2)=C1','COC1=CSC(C2=CC=CS2)=C1']","['COC(C=CC(OC)=C1)=C1C2=C(OC)C=CS2','COC(C=CC(OC)=C1)=C1C2=C(OC)C=CS2','COC1=CSC(C2=CC=CS2)=C1','COC1=CSC(C2=CC=CS2)=C1']",https://doi.org/10.1002/anie.202304390,"[154, 80, 154, 3]"
COCCOCCOCCOC1=C([Fr])SC(C2=CC(OCCOCCOCCOC)=C(C3=C(C(OCCOCCOCCOC)=C(S3)C4=CC=C([Cs])S4)[H])C=C2OCCOCCOCCOC)=C1[H],COCCOCCOCCOC1=C([Fr])SC(C2=CC(OCCOCCOCCOC)=C(C3=C(C(OCCOCCOCCOC)=C(S3)C4=CC=C([Cs])S4)[H])C=C2OCCOCCOCCOC)=C1[H],HP,19,,-4.24,-2.39,0.38,,60,-0.49,"['COC1=CSC(C2=CC(OC)=CC=C2OC)=C1','COC1=CSC(C2=CC(OC)=CC=C2OC)=C1','COC1=C(C2=CC=CS2)SC=C1','COC1=C(C2=CC=CS2)SC=C1']","['COC1=CSC(C2=CC(OC)=CC=C2OC)=C1','COC1=CSC(C2=CC(OC)=CC=C2OC)=C1','COC1=C(C2=CC=CS2)SC=C1','COC1=C(C2=CC=CS2)SC=C1']",https://doi.org/10.1002/anie.202304390,"[154, 80, 154, 3]"
[H]C1=C(C2=CC=C(C3=CC=C([Cs])S3)S2)SC(C4=C(OCCOCCOCCOC)C=C(C(OCCOCCOCCOC)=C4)C5=C(C([H])=C(S5)[Fr])OCCOCCOCCOC)=C1OCCOCCOCCOC,[H]C1=C(C2=CC=C(C3=CC=C([Cs])S3)S2)SC(C4=C(OCCOCCOCCOC)C=C(C(OCCOCCOCCOC)=C4)C5=C(C([H])=C(S5)[Fr])OCCOCCOCCOC)=C1OCCOCCOCCOC,HP,13,,-4.3,-2.4,0.68,,134,-0.56,"['COC(C=CC(OC)=C1)=C1C2=C(OC)C=CS2','COC(C=CC(OC)=C1)=C1C2=C(OC)C=CS2','COC1=CSC(C2=CC=CS2)=C1','C1(C2=CC=CS2)=CC=CS1','COC1=CSC(C2=CC=CS2)=C1']","['COC(C=CC(OC)=C1)=C1C2=C(OC)C=CS2','COC(C=CC(OC)=C1)=C1C2=C(OC)C=CS2','COC1=CSC(C2=CC=CS2)=C1','C1(C2=CC=CS2)=CC=CS1','COC1=CSC(C2=CC=CS2)=C1']",https://doi.org/10.1002/anie.202304390,"[154, 80, 154, 3, 3]"
COCCOCCOCCOC(C([H])=C1C(C(OCCOCCOCCOC)=C2)=CC(OCCOCCOCCOC)=C2C3=C([H])C(OCCOCCOCCOC)=C(C4=CC=C(C5=CC=C([Cs])S5)S4)S3)=C(S1)[Fr],COCCOCCOCCOC(C([H])=C1C(C(OCCOCCOCCOC)=C2)=CC(OCCOCCOCCOC)=C2C3=C([H])C(OCCOCCOCCOC)=C(C4=CC=C(C5=CC=C([Cs])S5)S4)S3)=C(S1)[Fr],HP,16,,-4.2,-2.32,0.39,,84,-0.5,"['COC1=CSC(C2=CC(OC)=CC=C2OC)=C1','COC1=CSC(C2=CC(OC)=CC=C2OC)=C1','COC1=C(C2=CC=CS2)SC=C1','C1(C2=CC=CS2)=CC=CS1','COC1=C(C2=CC=CS2)SC=C1']","['COC1=CSC(C2=CC(OC)=CC=C2OC)=C1','COC1=CSC(C2=CC(OC)=CC=C2OC)=C1','COC1=C(C2=CC=CS2)SC=C1','C1(C2=CC=CS2)=CC=CS1','COC1=C(C2=CC=CS2)SC=C1']",https://doi.org/10.1002/anie.202304390,"[154, 80, 154, 3, 3]"
O=C1N(CCOCCOC(=O)COCCOCCOC)C(=O)C2=CC(C3=CC(=C(S3)C3=C(C=C([Cs])S3)[H])[H])=C3C4=C(C=C([Fr])C1=C24)C(N(CCOCCOC(=O)COCCOCCOC)C3=O)=O,O=C1N(CCOCCOC(=O)COCCOCCOC)C(=O)C2=CC(C3=CC(=C(S3)C3=C(C=C([Cs])S3)[H])[H])=C3C4=C(C=C([Fr])C1=C24)C(N(CCOCCOC(=O)COCCOCCOC)C3=O)=O,HP,,,-5.53,-3.85,,0.0001,0.019,,"['[H]C(C=CS1)=C1C2=C([H])C=CS2','O=C1N(C(C2=CC(C3=CC([H])=CS3)=C4C5=C(C(N(C4=O)C)=O)C=C(C1=C25))=O)C','O=C1N(C(C2=CC(C3=CC([H])=CS3)=C4C5=C(C(N(C4=O)C)=O)C=C(C1=C25))=O)C']","['[H]C(C=CS1)=C1C2=C([H])C=CS2','O=C1N(C(C2=CC(C3=CC([H])=CS3)=C4C5=C(C(N(C4=O)C)=O)C=C(C1=C25))=O)C','O=C1N(C(C2=CC(C3=CC([H])=CS3)=C4C5=C(C(N(C4=O)C)=O)C=C(C1=C25))=O)C']",https://doi.org/10.1038/ncomms13066,"[41, 3, 3]"
O=C1N(CCOCCOC(=O)COCCOCCOC)C(=O)C2=CC(C3=CC(=C(S3)C3=C(C=C([Cs])S3)OCCOCCOCCOC)OCCOCCOCCOC)=C3C4=C(C=C([Fr])C1=C24)C(N(CCOCCOC(=O)COCCOCCOC)C3=O)=O,O=C1N(CCOCCOC(=O)COCCOCCOC)C(=O)C2=CC(C3=CC(=C(S3)C3=C(C=C([Cs])S3)OCCOCCOCCOC)OCCOCCOCCOC)=C3C4=C(C=C([Fr])C1=C24)C(N(CCOCCOC(=O)COCCOCCOC)C3=O)=O,HP,,,-4.83,-4.12,,1.00E-05,0.00397,,"['COC(C=CS1)=C1C2=C(OC)C=CS2','O=C1N(C(C2=CC(C3=CC(OC)=CS3)=C4C5=C(C(N(C4=O)C)=O)C=CC1=C25)=O)C','O=C1N(C(C2=CC(C3=CC(OC)=CS3)=C4C5=C(C(N(C4=O)C)=O)C=CC1=C25)=O)C']","['COC(C=CS1)=C1C2=C(OC)C=CS2','O=C1N(C(C2=CC(C3=CC(OC)=CS3)=C4C5=C(C(N(C4=O)C)=O)C=CC1=C25)=O)C','O=C1N(C(C2=CC(C3=CC(OC)=CS3)=C4C5=C(C(N(C4=O)C)=O)C=CC1=C25)=O)C']",https://doi.org/10.1038/ncomms13066,"[41, 154, 154]"
O=C1C2C3C4=C(C(N(CC(CCCCCCCCCC)CCCCCCCC)C(C4=C(C=2)C2=CC=C(C4=CC=C([Cs])S4)S2)=O)=O)C=C([Fr])C=3C(=O)N1CC(CCCCCCCCCC)CCCCCCCC,O=C1C2C3C4=C(C(N(CC(CCCCCCCCCC)CCCCCCCC)C(C4=C(C=2)C2=CC=C(C4=CC=C([Cs])S4)S2)=O)=O)C=C([Fr])C=3C(=O)N1CC(CCCCCCCCCC)CCCCCCCC,HP,18,1.833333333,-5.71,-4.29,,0.132,,,"['C1(C2=CC=CS2)=CC=CS1','O=C1C(C2=C(C(N1C)=O)C=CC(C(N3C)=O)=C24)=CC(C5=CC=CS5)=C4C3=O','O=C1C(C2=C(C(N1C)=O)C=CC(C(N3C)=O)=C24)=CC(C5=CC=CS5)=C4C3=O']","['C1(C2=CC=CS2)=CC=CS1','O=C1C(C2=C(C(N1C)=O)C=CC(C(N3C)=O)=C24)=CC(C5=CC=CS5)=C4C3=O','O=C1C(C2=C(C(N1C)=O)C=CC(C(N3C)=O)=C24)=CC(C5=CC=CS5)=C4C3=O']",https://doi.org/10.1021/acs.chemmater.8b00321,"[41, 3, 3]"
O=C1C2C3C4=C(C(N(CCOCCOCCOCCOCCOCCOCCOC)C(C4=C(C=2)C2=CC=C(C4=CC=C([Cs])S4)S2)=O)=O)C=C([Fr])C=3C(=O)N1CCOCCOCCOCCOCCOCCOCCOC,O=C1C2C3C4=C(C(N(CCOCCOCCOCCOCCOCCOCCOC)C(C4=C(C=2)C2=CC=C(C4=CC=C([Cs])S4)S2)=O)=O)C=C([Fr])C=3C(=O)N1CCOCCOCCOCCOCCOCCOCCOC,HP,7.2,1.25,-5.5,-4.17,,0.000196,,,"['C1(C2=CC=CS2)=CC=CS1','O=C1C(C2=C(C(N1C)=O)C=CC(C(N3C)=O)=C24)=CC(C5=CC=CS5)=C4C3=O','O=C1C(C2=C(C(N1C)=O)C=CC(C(N3C)=O)=C24)=CC(C5=CC=CS5)=C4C3=O']","['C1(C2=CC=CS2)=CC=CS1','O=C1C(C2=C(C(N1C)=O)C=CC(C(N3C)=O)=C24)=CC(C5=CC=CS5)=C4C3=O','O=C1C(C2=C(C(N1C)=O)C=CC(C(N3C)=O)=C24)=CC(C5=CC=CS5)=C4C3=O']",https://doi.org/10.1021/acs.chemmater.8b00321,"[41, 3, 3]"
O=C1C(C2=C(C(N1CCCCOCCOCCOCCOC)=O)C=C([Fr])C(C(N3CCCCOCCOCCOCCOC)=O)=C24)=C(C5=CC=C(S5)C6=CC=C([Cs])S6)C=C4C3=O,O=C1C(C2=C(C(N1CCCCOCCOCCOCCOC)=O)C=C([Fr])C(C(N3CCCCOCCOCCOCCOC)=O)=C24)=C(C5=CC=C(S5)C6=CC=C([Cs])S6)C=C4C3=O,HP,11.3,,-5.5,-4.1,,0.0019,0.3,0.27,"['C1(C2=CC=CS2)=CC=CS1','O=C1C(C2=C(C(N1C)=O)C=CC(C(N3C)=O)=C24)=CC(C5=CC=CS5)=C4C3=O','O=C1C(C2=C(C(N1C)=O)C=CC(C(N3C)=O)=C24)=CC(C5=CC=CS5)=C4C3=O']","['C1(C2=CC=CS2)=CC=CS1','O=C1C(C2=C(C(N1C)=O)C=CC(C(N3C)=O)=C24)=CC(C5=CC=CS5)=C4C3=O','O=C1C(C2=C(C(N1C)=O)C=CC(C(N3C)=O)=C24)=CC(C5=CC=CS5)=C4C3=O']",https://doi.org/10.1021/acsami.0c18599,"[41, 3, 3]"
O=C1C2C3C4=C(C(=O)N(CCCCOCCOCCOCCOC)C(C4=CC=2C2=CC(OC)=C(C4SC([Cs])=CC=4OC)S2)=O)C([Fr])=CC=3C(N1CCCCOCCOCCOCCOC)=O,O=C1C2C3C4=C(C(=O)N(CCCCOCCOCCOCCOC)C(C4=CC=2C2=CC(OC)=C(C4SC([Cs])=CC=4OC)S2)=O)C([Fr])=CC=3C(N1CCCCOCCOCCOCCOC)=O,HP,13,,-5,-3.8,,0.000452,0.08,0.46,"['COC(C=CS1)=C1C2=C(OC)C=CS2','O=C1C(C2=C(C(N1C)=O)C=CC(C(N3C)=O)=C24)=C(C5=CC(OC)=CS5)C=C4C3=O','O=C1C(C2=C(C(N1C)=O)C=CC(C(N3C)=O)=C24)=C(C5=CC(OC)=CS5)C=C4C3=O']","['COC(C=CS1)=C1C2=C(OC)C=CS2','O=C1C(C2=C(C(N1C)=O)C=CC(C(N3C)=O)=C24)=C(C5=CC(OC)=CS5)C=C4C3=O','O=C1C(C2=C(C(N1C)=O)C=CC(C(N3C)=O)=C24)=C(C5=CC(OC)=CS5)C=C4C3=O']",https://doi.org/10.1021/acsami.0c18599,"[41, 154, 154]"
O=C1C(C2=C(C(N1CCCCOCCOCCOCCOC)=O)C=C([Fr])C(C(N3CCCCOCCOCCOCCOC)=O)=C24)=C(C5=CC(OCCOCCOCCOC)=C(S5)C6=C(OCCOCCOCCOC)C=C([Cs])S6)C=C4C3=O,O=C1C(C2=C(C(N1CCCCOCCOCCOCCOC)=O)C=C([Fr])C(C(N3CCCCOCCOCCOCCOC)=O)=C24)=C(C5=CC(OCCOCCOCCOC)=C(S5)C6=C(OCCOCCOCCOC)C=C([Cs])S6)C=C4C3=O,HP,15.5,,-5,-4,,0.00125,0.236,0.32,"['COC(C=CS1)=C1C2=C(OC)C=CS2','O=C1C(C2=C(C(N1C)=O)C=CC(C(N3C)=O)=C24)=C(C5=CC(OC)=CS5)C=C4C3=O','O=C1C(C2=C(C(N1C)=O)C=CC(C(N3C)=O)=C24)=C(C5=CC(OC)=CS5)C=C4C3=O']","['COC(C=CS1)=C1C2=C(OC)C=CS2','O=C1C(C2=C(C(N1C)=O)C=CC(C(N3C)=O)=C24)=C(C5=CC(OC)=CS5)C=C4C3=O','O=C1C(C2=C(C(N1C)=O)C=CC(C(N3C)=O)=C24)=C(C5=CC(OC)=CS5)C=C4C3=O']",https://doi.org/10.1021/acsami.0c18599,"[41, 154, 154]"
O=C1C(C2=C(C(N1CCCCOCCOCCOCCOC)=O)C=C([Fr])C(C(N3CCCCOCCOCCOCCOC)=O)=C24)=C(C5=CC(OCCOCCOCCOCCOC)=C(S5)C6=C(OCCOCCOCCOCCOC)C=C([Cs])S6)C=C4C3=O,O=C1C(C2=C(C(N1CCCCOCCOCCOCCOC)=O)C=C([Fr])C(C(N3CCCCOCCOCCOCCOC)=O)=C24)=C(C5=CC(OCCOCCOCCOCCOC)=C(S5)C6=C(OCCOCCOCCOCCOC)C=C([Cs])S6)C=C4C3=O,HP,10.7,,-5,-4,,5.97E-05,0.012,0.3,"['COC(C=CS1)=C1C2=C(OC)C=CS2','O=C1C(C2=C(C(N1C)=O)C=CC(C(N3C)=O)=C24)=C(C5=CC(OC)=CS5)C=C4C3=O','O=C1C(C2=C(C(N1C)=O)C=CC(C(N3C)=O)=C24)=C(C5=CC(OC)=CS5)C=C4C3=O']","['COC(C=CS1)=C1C2=C(OC)C=CS2','O=C1C(C2=C(C(N1C)=O)C=CC(C(N3C)=O)=C24)=C(C5=CC(OC)=CS5)C=C4C3=O','O=C1C(C2=C(C(N1C)=O)C=CC(C(N3C)=O)=C24)=C(C5=CC(OC)=CS5)C=C4C3=O']",https://doi.org/10.1021/acsami.0c18599,"[41, 154, 154]"
O=C1C(C2=C(C(N1CCCCOCCOCCOCCOC)=O)C=C([Fr])C(C(N3CCCCOCCOCCOCCOC)=O)=C24)=C(C5=CC(OCCCCOCCOCCOCCOC)=C(S5)C6=C(OCCCCOCCOCCOCCOC)C=C([Cs])S6)C=C4C3=O,O=C1C(C2=C(C(N1CCCCOCCOCCOCCOC)=O)C=C([Fr])C(C(N3CCCCOCCOCCOCCOC)=O)=C24)=C(C5=CC(OCCCCOCCOCCOCCOC)=C(S5)C6=C(OCCCCOCCOCCOCCOC)C=C([Cs])S6)C=C4C3=O,HP,13.2,,-5.1,-4,,6.32E-05,0.007,0.33,"['COC(C=CS1)=C1C2=C(OC)C=CS2','O=C1C(C2=C(C(N1C)=O)C=CC(C(N3C)=O)=C24)=C(C5=CC(OC)=CS5)C=C4C3=O','O=C1C(C2=C(C(N1C)=O)C=CC(C(N3C)=O)=C24)=C(C5=CC(OC)=CS5)C=C4C3=O']","['COC(C=CS1)=C1C2=C(OC)C=CS2','O=C1C(C2=C(C(N1C)=O)C=CC(C(N3C)=O)=C24)=C(C5=CC(OC)=CS5)C=C4C3=O','O=C1C(C2=C(C(N1C)=O)C=CC(C(N3C)=O)=C24)=C(C5=CC(OC)=CS5)C=C4C3=O']",https://doi.org/10.1021/acsami.0c18599,"[41, 154, 154]"
O=C1N(C(C2=CC(C3=CC(OCCOCCOCCOC)=C(C4=C(OCCOCCOCCOC)C=C(S4)[Cs])S3)=C5C6=C(C(N(C5=O)CCCCCCOC(COCCOCCOC)=O)=O)C=C(C1=C26)[Fr])=O)CCCCCCOC(COCCOCCOC)=O,O=C1N(C(C2=CC(C3=CC(OCCOCCOCCOC)=C(C4=C(OCCOCCOCCOC)C=C(S4)[Cs])S3)=C5C6=C(C(N(C5=O)CCCCCCOC(COCCOCCOC)=O)=O)C=C(C1=C26)[Fr])=O)CCCCCCOC(COCCOCCOC)=O,HP,20.2,2.68,-5.1,-4,,0.00063,0.16,0.37,"['OC(C=CS1)=C1C2=C(C=CS2)O','O=C1N(C)C(C2=CC(C3=CC(O)=CS3)=C4C5=C(C=CC1=C25)C(N(C)C4=O)=O)=O','O=C1N(C)C(C2=CC(C3=CC(O)=CS3)=C4C5=C(C=CC1=C25)C(N(C)C4=O)=O)=O']","['OC(C=CS1)=C1C2=C(C=CS2)O','O=C1N(C)C(C2=CC(C3=CC(O)=CS3)=C4C5=C(C=CC1=C25)C(N(C)C4=O)=O)=O','O=C1N(C)C(C2=CC(C3=CC(O)=CS3)=C4C5=C(C=CC1=C25)C(N(C)C4=O)=O)=O']",https://doi.org/10.1002/adfm.202008718,"[41, 154, 154]"
O=C1C2C=C(SC=2C2SC3=C(SC4C5SC([Fr])=CC=5C(N(CC(COCCOCCOC)COCCOCCOC)C(C=43)=O)=O)C=2C(N1CC(COCCOCCOC)COCCOCCOC)=O)C1SC([Cs])=C(C=1[H])[H],O=C1C2C=C(SC=2C2SC3=C(SC4C5SC([Fr])=CC=5C(N(CC(COCCOCCOC)COCCOCCOC)C(C=43)=O)=O)C=2C(N1CC(COCCOCCOC)COCCOCCOC)=O)C1SC([Cs])=C(C=1[H])[H],HP,6.7,,-5.35,-3.65,,0.044,2.3,0.68,"['O=C1C2=C(C3=C(C(N1C)=O)C(SC(C4=C(C(N5C)=O)C=CS4)=C6C5=O)=C6S3)SC(C7=C(F)C(F)=CS7)=C2','O=C1C2=C(C3=C(C(N1C)=O)C(SC(C4=C(C(N5C)=O)C=CS4)=C6C5=O)=C6S3)SC(C7=C(F)C(F)=CS7)=C2']","['O=C1C2=C(C3=C(C(N1C)=O)C(SC(C4=C(C(N5C)=O)C=CS4)=C6C5=O)=C6S3)SC(C7=C(F)C(F)=CS7)=C2','O=C1C2=C(C3=C(C(N1C)=O)C(SC(C4=C(C(N5C)=O)C=CS4)=C6C5=O)=C6S3)SC(C7=C(F)C(F)=CS7)=C2']",https://doi.org/10.1002/anie.202109281,"[97, 3]"
O=C1C2C=C(SC=2C2SC3=C(SC4C5SC([Fr])=CC=5C(N(CC(COCCOCCOC)COCCOCCOC)C(C=43)=O)=O)C=2C(N1CC(COCCOCCOC)COCCOCCOC)=O)C1SC([Cs])=C(C=1F)F,O=C1C2C=C(SC=2C2SC3=C(SC4C5SC([Fr])=CC=5C(N(CC(COCCOCCOC)COCCOCCOC)C(C=43)=O)=O)C=2C(N1CC(COCCOCCOC)COCCOCCOC)=O)C1SC([Cs])=C(C=1F)F,HP,6.3,,-5.59,-3.82,,0.034,15.2,0.53,"['O=C1C2=C(C3=C(C(N1C)=O)C(SC(C4=C(C(N5C)=O)C=CS4)=C6C5=O)=C6S3)SC(C7=CC=CS7)=C2','O=C1C2=C(C3=C(C(N1C)=O)C(SC(C4=C(C(N5C)=O)C=CS4)=C6C5=O)=C6S3)SC(C7=CC=CS7)=C2']","['O=C1C2=C(C3=C(C(N1C)=O)C(SC(C4=C(C(N5C)=O)C=CS4)=C6C5=O)=C6S3)SC(C7=CC=CS7)=C2','O=C1C2=C(C3=C(C(N1C)=O)C(SC(C4=C(C(N5C)=O)C=CS4)=C6C5=O)=C6S3)SC(C7=CC=CS7)=C2']",https://doi.org/10.1002/anie.202109281,"[97, 8]"
O=C1/C(/C2C(=CC3/C(/C(OC=3C=2)=O)=C2\C(N(CCOCCOCCOCCOCCOCCOC)C3=CC([Fr])=CC=C3\2)=O)O1)=C1/C(N(CCOCCOCCOCCOCCOCCOC)C2C=C(C3SC([Cs])=CC=3)C=CC=2/1)=O,O=C1/C(/C2C(=CC3/C(/C(OC=3C=2)=O)=C2\C(N(CCOCCOCCOCCOCCOCCOC)C3=CC([Fr])=CC=C3\2)=O)O1)=C1/C(N(CCOCCOCCOCCOCCOCCOC)C2C=C(C3SC([Cs])=CC=3)C=CC=2/1)=O,HP,,,-5.53,-4.25,,0.069,7.6,0.43,"['O=C1/C(C2=CC3=C(/C(C(O3)=O)=C4C(N(C5=CC=CC=C5\4)C)=O)C=C2O1)=C6C(N(C7=C/6C=CC(C8=CC=CS8)=C7)C)=O','O=C1/C(C2=CC3=C(/C(C(O3)=O)=C4C(N(C5=CC=CC=C5\4)C)=O)C=C2O1)=C6C(N(C7=C/6C=CC(C8=CC=CS8)=C7)C)=O']","['O=C1/C(C2=CC3=C(/C(C(O3)=O)=C4C(N(C5=CC=CC=C5\4)C)=O)C=C2O1)=C6C(N(C7=C/6C=CC(C8=CC=CS8)=C7)C)=O','O=C1/C(C2=CC3=C(/C(C(O3)=O)=C4C(N(C5=CC=CC=C5\4)C)=O)C=C2O1)=C6C(N(C7=C/6C=CC(C8=CC=CS8)=C7)C)=O']",https://doi.org/10.1002/adfm.202111439,"[24, 3]"
O=C1/C(/C2C(=CC3/C(/C(OC=3C=2)=O)=C2\C(N(CCOCCOCCOCCOCCOCCOC)C3=NC([Fr])=CC=C3\2)=O)O1)=C1/C(N(CCOCCOCCOCCOCCOCCOC)C2N=C(C3SC([Cs])=CC=3)C=CC=2/1)=O,O=C1/C(/C2C(=CC3/C(/C(OC=3C=2)=O)=C2\C(N(CCOCCOCCOCCOCCOCCOC)C3=NC([Fr])=CC=C3\2)=O)O1)=C1/C(N(CCOCCOCCOCCOCCOCCOC)C2N=C(C3SC([Cs])=CC=3)C=CC=2/1)=O,HP,,,-5.76,-4.48,,0.059,4.9,0.25,"['O=C1/C(C2=CC3=C(/C(C(O3)=O)=C4C(N(C5=NC=CC=C5\4)C)=O)C=C2O1)=C6C(N(C7=C/6C=CC(C8=CC=CS8)=N7)C)=O','O=C1/C(C2=CC3=C(/C(C(O3)=O)=C4C(N(C5=NC=CC=C5\4)C)=O)C=C2O1)=C6C(N(C7=C/6C=CC(C8=CC=CS8)=N7)C)=O']","['O=C1/C(C2=CC3=C(/C(C(O3)=O)=C4C(N(C5=NC=CC=C5\4)C)=O)C=C2O1)=C6C(N(C7=C/6C=CC(C8=CC=CS8)=N7)C)=O','O=C1/C(C2=CC3=C(/C(C(O3)=O)=C4C(N(C5=NC=CC=C5\4)C)=O)C=C2O1)=C6C(N(C7=C/6C=CC(C8=CC=CS8)=N7)C)=O']",https://doi.org/10.1002/adfm.202111439,"[26, 3]"
O=C1/C(/C2C(=CC3/C(/C(OC=3C=2)=O)=C2\C(N(CCOCCOCCOCCOCCOCCOC)C3=CC([Fr])=CC=C3\2)=O)O1)=C1/C(N(CCOCCOCCOCCOCCOCCOC)C2C=C(C3SC(C4SC([Cs])=CC=4)=CC=3)C=CC=2/1)=O,O=C1/C(/C2C(=CC3/C(/C(OC=3C=2)=O)=C2\C(N(CCOCCOCCOCCOCCOCCOC)C3=CC([Fr])=CC=C3\2)=O)O1)=C1/C(N(CCOCCOCCOCCOCCOCCOC)C2C=C(C3SC(C4SC([Cs])=CC=4)=CC=3)C=CC=2/1)=O,HP,,,-5.43,-4.19,,0.019,1.3,0.44,"['C1(C2=CC=CS2)=CC=CS1','O=C1/C(C2=CC3=C(/C(C(O3)=O)=C4C(N(C5=CC=CC=C5\4)C)=O)C=C2O1)=C6C(N(C7=C/6C=CC(C8=CC=CS8)=C7)C)=O','O=C1/C(C2=CC3=C(/C(C(O3)=O)=C4C(N(C5=CC=CC=C5\4)C)=O)C=C2O1)=C6C(N(C7=C/6C=CC(C8=CC=CS8)=C7)C)=O']","['C1(C2=CC=CS2)=CC=CS1','O=C1/C(C2=CC3=C(/C(C(O3)=O)=C4C(N(C5=CC=CC=C5\4)C)=O)C=C2O1)=C6C(N(C7=C/6C=CC(C8=CC=CS8)=C7)C)=O','O=C1/C(C2=CC3=C(/C(C(O3)=O)=C4C(N(C5=CC=CC=C5\4)C)=O)C=C2O1)=C6C(N(C7=C/6C=CC(C8=CC=CS8)=C7)C)=O']",https://doi.org/10.1002/adfm.202111439,"[24, 3, 3]"
O=C1C2=C(C=C3C(N(C(C4=CC(C5=CC=C([Cs])S5)=C(C2=C43)C(N1CC(COCCOCCOCCOC)COCCOCCOCCOC)=O)=O)CC(COCCOCCOCCOC)COCCOCCOCCOC)=O)[Fr],O=C1C2=C(C=C3C(N(C(C4=CC(C5=CC=C([Cs])S5)=C(C2=C43)C(N1CC(COCCOCCOCCOC)COCCOCCOCCOC)=O)=O)CC(COCCOCCOCCOC)COCCOCCOCCOC)=O)[Fr],HP,27.1,2.1,-5.91,-4.16,,0.00024,0.04,0.26,"['O=C1C2=CC=C3C(N(C)C(C4=CC(C5=CC=CS5)=C(C(N1C)=O)C2=C43)=O)=O','O=C1C2=CC=C3C(N(C)C(C4=CC(C5=CC=CS5)=C(C(N1C)=O)C2=C43)=O)=O']","['O=C1C2=CC=C3C(N(C)C(C4=CC(C5=CC=CS5)=C(C(N1C)=O)C2=C43)=O)=O','O=C1C2=CC=C3C(N(C)C(C4=CC(C5=CC=CS5)=C(C(N1C)=O)C2=C43)=O)=O']",https://doi.org/10.1002/adfm.202111950,"[41, 3]"
O=C1C2=C(C=C3C(N(C(C4=CC(C5=CC=C([Cs])S5)=C(C2=C43)C(N1CC(COCCOCCOC)COCCOCCOCCOC)=O)=O)CC(COCCOCCOCCOC)COCCOCCOC)=O)[Fr],O=C1C2=C(C=C3C(N(C(C4=CC(C5=CC=C([Cs])S5)=C(C2=C43)C(N1CC(COCCOCCOC)COCCOCCOCCOC)=O)=O)CC(COCCOCCOCCOC)COCCOCCOC)=O)[Fr],HP,34.9,2.2,-5.9,-4.16,,0.00094,0.21,0.18,"['O=C1C2=CC=C3C(N(C)C(C4=CC(C5=CC=CS5)=C(C(N1C)=O)C2=C43)=O)=O','O=C1C2=CC=C3C(N(C)C(C4=CC(C5=CC=CS5)=C(C(N1C)=O)C2=C43)=O)=O']","['O=C1C2=CC=C3C(N(C)C(C4=CC(C5=CC=CS5)=C(C(N1C)=O)C2=C43)=O)=O','O=C1C2=CC=C3C(N(C)C(C4=CC(C5=CC=CS5)=C(C(N1C)=O)C2=C43)=O)=O']",https://doi.org/10.1002/adfm.202111950,"[41, 3]"
O=C1C2=C(C=C3C(N(C(C4=CC(C5=CC=C([Cs])S5)=C(C2=C43)C(N1CC(COCCOCCOC)COCCOCCOC)=O)=O)CC(COCCOCCOC)COCCOCCOC)=O)[Fr],O=C1C2=C(C=C3C(N(C(C4=CC(C5=CC=C([Cs])S5)=C(C2=C43)C(N1CC(COCCOCCOC)COCCOCCOC)=O)=O)CC(COCCOCCOC)COCCOCCOC)=O)[Fr],HP,31.5,2.3,-5.88,-4.15,,0.00212,0.51,0.15,"['O=C1C2=CC=C3C(N(C)C(C4=CC(C5=CC=CS5)=C(C(N1C)=O)C2=C43)=O)=O','O=C1C2=CC=C3C(N(C)C(C4=CC(C5=CC=CS5)=C(C(N1C)=O)C2=C43)=O)=O']","['O=C1C2=CC=C3C(N(C)C(C4=CC(C5=CC=CS5)=C(C(N1C)=O)C2=C43)=O)=O','O=C1C2=CC=C3C(N(C)C(C4=CC(C5=CC=CS5)=C(C(N1C)=O)C2=C43)=O)=O']",https://doi.org/10.1002/adfm.202111950,"[41, 3]"
O=C1C2=C(C=C3C(N(C(C4=CC(C5=CC=C([Cs])S5)=C(C2=C43)C(N1CC(COCCOC)COCCOCCOCCOC)=O)=O)CC(COCCOCCOCCOC)COCCOC)=O)[Fr],O=C1C2=C(C=C3C(N(C(C4=CC(C5=CC=C([Cs])S5)=C(C2=C43)C(N1CC(COCCOC)COCCOCCOCCOC)=O)=O)CC(COCCOCCOCCOC)COCCOC)=O)[Fr],HP,30.1,2.5,-5.85,-4.15,,0.00223,0.56,0.18,"['O=C1C2=CC=C3C(N(C)C(C4=CC(C5=CC=CS5)=C(C(N1C)=O)C2=C43)=O)=O','O=C1C2=CC=C3C(N(C)C(C4=CC(C5=CC=CS5)=C(C(N1C)=O)C2=C43)=O)=O']","['O=C1C2=CC=C3C(N(C)C(C4=CC(C5=CC=CS5)=C(C(N1C)=O)C2=C43)=O)=O','O=C1C2=CC=C3C(N(C)C(C4=CC(C5=CC=CS5)=C(C(N1C)=O)C2=C43)=O)=O']",https://doi.org/10.1002/adfm.202111950,"[41, 3]"
C1=C(C(SC([Cs])=C2[H])=C2)SC(C3=NC=C(N=C3)C4=C5C(N(C(C6=CN=C(C=N6)[Fr])=C5C(N4CCCC(COCCOCCOCCOCCOC)COCCOCCOCCOCCOC)=O)CCCC(COCCOCCOCCOCCOC)COCCOCCOCCOCCOC)=O)=C1,C1=C(C(SC([Cs])=C2[H])=C2)SC(C3=NC=C(N=C3)C4=C5C(N(C(C6=CN=C(C=N6)[Fr])=C5C(N4CCCC(COCCOCCOCCOCCOC)COCCOCCOCCOCCOC)=O)CCCC(COCCOCCOCCOCCOC)COCCOCCOCCOCCOC)=O)=C1,HP,90.89,3.46,-5.4,-3.54,,0.0016,0.22,0.56,"['CN(C=C1C(N(C)C(C2=CN=CC=N2)=C13)=O)C3=O','CN(C=C1C(N(C)C(C2=CN=CC=N2)=C13)=O)C3=O','C1(C2=NC=CN=C2)=CC=CS1','[H]C1=CSC(C2=CC=CS2)=C1','C1(C2=NC=CN=C2)=CC=CS1']","['CN(C=C1C(N(C)C(C2=CN=CC=N2)=C13)=O)C3=O','CN(C=C1C(N(C)C(C2=CN=CC=N2)=C13)=O)C3=O','C1(C2=NC=CN=C2)=CC=CS1','[H]C1=CSC(C2=CC=CS2)=C1','C1(C2=NC=CN=C2)=CC=CS1']",https://doi.org/10.1021/acs.chemmater.1c04037,"[0, 30, 0, 3, 3]"
N#CC1=C(C(SC([Cs])=C2[H])=C2C#N)SC(C3=NC=C(N=C3)C4=C5C(N(C(C6=CN=C(C=N6)[Fr])=C5C(N4CCCC(COCCOCCOCCOCCOC)COCCOCCOCCOCCOC)=O)CCCC(COCCOCCOCCOCCOC)COCCOCCOCCOCCOC)=O)=C1,N#CC1=C(C(SC([Cs])=C2[H])=C2C#N)SC(C3=NC=C(N=C3)C4=C5C(N(C(C6=CN=C(C=N6)[Fr])=C5C(N4CCCC(COCCOCCOCCOCCOC)COCCOCCOCCOCCOC)=O)CCCC(COCCOCCOCCOCCOC)COCCOCCOCCOCCOC)=O)=C1,HP,22.86,3.53,-5.82,-3.96,,0.019,1.72,0.32,"['CN(C=C1C(N(C)C(C2=CN=CC=N2)=C13)=O)C3=O','CN(C=C1C(N(C)C(C2=CN=CC=N2)=C13)=O)C3=O','N#CC1=CSC(C2=NC=CN=C2)=C1','N#CC1=CSC(C2=NC=CN=C2)=C1']","['CN(C=C1C(N(C)C(C2=CN=CC=N2)=C13)=O)C3=O','CN(C=C1C(N(C)C(C2=CN=CC=N2)=C13)=O)C3=O','N#CC1=CSC(C2=NC=CN=C2)=C1','N#CC1=CSC(C2=NC=CN=C2)=C1']",https://doi.org/10.1021/acs.chemmater.1c04037,"[0, 30, 0, 10, 10]"
O=C1C2=C3C4=C(C(N(CCOCCOCCOCC)C(C4=C(C=C3C(N1CCOCCOCCOCC)=O)C1=NC(OCCCCCCCC)=C(C3SC([Cs])=NC=3OCCCCCCCC)S1)=O)=O)C=C2[Fr],O=C1C2=C3C4=C(C(N(CCOCCOCCOCC)C(C4=C(C=C3C(N1CCOCCOCCOCC)=O)C1=NC(OCCCCCCCC)=C(C3SC([Cs])=NC=3OCCCCCCCC)S1)=O)=O)C=C2[Fr],HP,26.2,1.13,-5.63,-4.35,,0.00316,1.44,0.54,"['O=C1C2=C3C4=C(C=C2)C(N(C(C4=C(C5=NC(OC)=CS5)C=C3C(N1C)=O)=O)C)=O','COC(N=CS1)=C1C2=C(OC)N=CS2','O=C1C2=C3C4=C(C=C2)C(N(C(C4=C(C5=NC(OC)=CS5)C=C3C(N1C)=O)=O)C)=O']","['O=C1C2=C3C4=C(C=C2)C(N(C(C4=C(C5=NC(OC)=CS5)C=C3C(N1C)=O)=O)C)=O','COC(N=CS1)=C1C2=C(OC)N=CS2','O=C1C2=C3C4=C(C=C2)C(N(C(C4=C(C5=NC(OC)=CS5)C=C3C(N1C)=O)=O)C)=O']",https://doi.org/10.1002/adfm.202201593,"[30, 218, 218]"
O(CCOCC(COCCOCCOC)CN1C(C2C3=C(SC=2C2=C(C=C(S2)C2SC(/C=C/C4SC([Cs])=CC=4)=CC=2)C1=O)C1C(N(CC(COCCOCCOC)COCCOCCOC)C(C2C=C([Fr])SC=2C=1S3)=O)=O)=O)CCOC,O(CCOCC(COCCOCCOC)CN1C(C2C3=C(SC=2C2=C(C=C(S2)C2SC(/C=C/C4SC([Cs])=CC=4)=CC=2)C1=O)C1C(N(CC(COCCOCCOC)COCCOCCOC)C(C2C=C([Fr])SC=2C=1S3)=O)=O)=O)CCOC,HP,43.9,3.4,-5.21,-3.55,,0.014,1.5,0.68,"['CN1C(C2=C(C3=C(C1=O)C=C(C4=CC=CS4)S3)SC5=C2SC6=C5C(N(C(C7=C6SC=C7)=O)C)=O)=O','C=CC1=CC=CS1','C=CC1=CC=CS1','CN1C(C2=C(C3=C(C1=O)C=C(C4=CC=CS4)S3)SC5=C2SC6=C5C(N(C(C7=C6SC=C7)=O)C)=O)=O']","['CN1C(C2=C(C3=C(C1=O)C=C(C4=CC=CS4)S3)SC5=C2SC6=C5C(N(C(C7=C6SC=C7)=O)C)=O)=O','C=CC1=CC=CS1','C=CC1=CC=CS1','CN1C(C2=C(C3=C(C1=O)C=C(C4=CC=CS4)S3)SC5=C2SC6=C5C(N(C(C7=C6SC=C7)=O)C)=O)=O']",https://doi.org/10.1002/adma.202201340,"[97, 3, 162, 3]"
O(CCOCC(COCCOCCOC)CN1C(C2C3=C(SC=2C2=C(C=C(S2)C2SC(/C=C/C4SC([Cs])=CC=4C#N)=C(C#N)C=2)C1=O)C1C(N(CC(COCCOCCOC)COCCOCCOC)C(C2C=C([Fr])SC=2C=1S3)=O)=O)=O)CCOC,O(CCOCC(COCCOCCOC)CN1C(C2C3=C(SC=2C2=C(C=C(S2)C2SC(/C=C/C4SC([Cs])=CC=4C#N)=C(C#N)C=2)C1=O)C1C(N(CC(COCCOCCOC)COCCOCCOC)C(C2C=C([Fr])SC=2C=1S3)=O)=O)=O)CCOC,HP,28.3,4.8,-5.57,-3.81,,0.24,41.3,0.9,"['CN1C(C2=C(C3=C(C1=O)C=C(C4=CC(C#N)=CS4)S3)SC5=C2SC6=C5C(N(C(C7=C6SC=C7)=O)C)=O)=O','C=CC(SC=C1)=C1C#N','C=CC(SC=C1)=C1C#N','CN1C(C2=C(C3=C(C1=O)C=C(C4=CC(C#N)=CS4)S3)SC5=C2SC6=C5C(N(C(C7=C6SC=C7)=O)C)=O)=O']","['CN1C(C2=C(C3=C(C1=O)C=C(C4=CC(C#N)=CS4)S3)SC5=C2SC6=C5C(N(C(C7=C6SC=C7)=O)C)=O)=O','C=CC(SC=C1)=C1C#N','C=CC(SC=C1)=C1C#N','CN1C(C2=C(C3=C(C1=O)C=C(C4=CC(C#N)=CS4)S3)SC5=C2SC6=C5C(N(C(C7=C6SC=C7)=O)C)=O)=O']",https://doi.org/10.1002/adma.202201340,"[97, 10, 162, 10]"
O(CCOCCOCCOCCOCCOC)CCN1C(C2C([Fr])=CC3C(N(CCOCCOCCOCCOCCOCCOC)C(C4=C(C=C(C1=O)C=2C4=3)C1=C2C(=C(C3=C4C(=C([Cs])S3)OCCO4)S1)OCCO2)=O)=O)=O,O(CCOCCOCCOCCOCCOC)CCN1C(C2C([Fr])=CC3C(N(CCOCCOCCOCCOCCOCCOC)C(C4=C(C=C(C1=O)C=2C4=3)C1=C2C(=C(C3=C4C(=C([Cs])S3)OCCO4)S1)OCCO2)=O)=O)=O,HP,10.5,1.304761905,-5.23,-3.94,,0.000396,0.03,0.54,"['CN1C(C(C=CC(C(N2C)=O)=C34)=C3C(C1=O)=CC(C5=C6C(OCCO6)=CS5)=C4C2=O)=O','C12=CSC(C3=C4OCCOC4=CS3)=C1OCCO2','CN1C(C(C=CC(C(N2C)=O)=C34)=C3C(C1=O)=CC(C5=C6C(OCCO6)=CS5)=C4C2=O)=O']","['CN1C(C(C=CC(C(N2C)=O)=C34)=C3C(C1=O)=CC(C5=C6C(OCCO6)=CS5)=C4C2=O)=O','C12=CSC(C3=C4OCCOC4=CS3)=C1OCCO2','CN1C(C(C=CC(C(N2C)=O)=C34)=C3C(C1=O)=CC(C5=C6C(OCCO6)=CS5)=C4C2=O)=O']",https://doi.org/10.1002/adfm.202201821,"[30, 159, 159]"
O(CCOCCOCCOCCOCCOC)CCN1C(C2C([Fr])=CC3C(N(CCOCCOCCOCCOCCOCCOC)C(C4=C(C=C(C1=O)C=2C4=3)C1=CC(F)=C(C2=C(F)C=C([Cs])S2)S1)=O)=O)=O,O(CCOCCOCCOCCOCCOC)CCN1C(C2C([Fr])=CC3C(N(CCOCCOCCOCCOCCOCCOC)C(C4=C(C=C(C1=O)C=2C4=3)C1=CC(F)=C(C2=C(F)C=C([Cs])S2)S1)=O)=O)=O,HP,14.1,2.262411348,-5.9,-4.25,,0.00061,0.14,0.19,"['CN1C(C(C=CC(C(N2C)=O)=C34)=C3C(C1=O)=CC(C5=CC(F)=CS5)=C4C2=O)=O','FC(C=CS1)=C1C2=C(C=CS2)F','CN1C(C(C=CC(C(N2C)=O)=C34)=C3C(C1=O)=CC(C5=CC(F)=CS5)=C4C2=O)=O']","['CN1C(C(C=CC(C(N2C)=O)=C34)=C3C(C1=O)=CC(C5=CC(F)=CS5)=C4C2=O)=O','FC(C=CS1)=C1C2=C(C=CS2)F','CN1C(C(C=CC(C(N2C)=O)=C34)=C3C(C1=O)=CC(C5=CC(F)=CS5)=C4C2=O)=O']",https://doi.org/10.1002/adfm.202201821,"[30, 6, 6]"
N(CC(COCCOCCOCCOCCOC)COCCOCCOCCOCCOC)1C(C2C3C4C(C(N(CC(COCCOCCOCCOCCOC)COCCOCCOCCOCCOC)C(C=4C4=C(SC([Fr])=C4)C=3C1=O)=O)=O)=C1C=2C=C(C2SC(=CC=2)C2=CC=C([Cs])S2)S1)=O,N(CC(COCCOCCOCCOCCOC)COCCOCCOCCOCCOC)1C(C2C3C4C(C(N(CC(COCCOCCOCCOCCOC)COCCOCCOCCOCCOC)C(C=4C4=C(SC([Fr])=C4)C=3C1=O)=O)=O)=C1C=2C=C(C2SC(=CC=2)C2=CC=C([Cs])S2)S1)=O,HP,59.4,4.51,-5.14,-4.17,,0.00164,0.31,0.19,"['C1(C2=CC=CS2)=CC=CS1','CN1C(C(C2=C(C1=O)C3=C4C=CS3)=C(C=C(S5)C6=CC=CS6)C5=C(C(N7C)=O)C2=C4C7=O)=O','CN1C(C(C2=C(C1=O)C3=C4C=CS3)=C(C=C(S5)C6=CC=CS6)C5=C(C(N7C)=O)C2=C4C7=O)=O']","['C1(C2=CC=CS2)=CC=CS1','CN1C(C(C2=C(C1=O)C3=C4C=CS3)=C(C=C(S5)C6=CC=CS6)C5=C(C(N7C)=O)C2=C4C7=O)=O','CN1C(C(C2=C(C1=O)C3=C4C=CS3)=C(C=C(S5)C6=CC=CS6)C5=C(C(N7C)=O)C2=C4C7=O)=O']",https://doi.org/10.1021/acs.chemmater.2c01552,"[103, 3, 3]"
O=C1C2C=C([Fr])C3C(N(CCOCCOCCOCCOCCOCCOC)C(C4C=3C=2C(C(=O)N1CCOCCOCCOCCOCCOCCOC)=C(C=4)/C=C/[Cs])=O)=O,O=C1C2C=C([Fr])C3C(N(CCOCCOCCOCCOCCOCCOC)C(C4C=3C=2C(C(=O)N1CCOCCOCCOCCOCCOCCOC)=C(C=4)/C=C/[Cs])=O)=O,HP,15.87,2.68,-6.43,-4.4,,0.0153,2.31,0.2,"['O=C1C2=C3C4=C(C(N(C(C4=CC(C=C)=C3C(N1C)=O)=O)C)=O)C=C2','O=C1C2=C3C4=C(C(N(C(C4=CC(C=C)=C3C(N1C)=O)=O)C)=O)C=C2']","['O=C1C2=C3C4=C(C(N(C(C4=CC(C=C)=C3C(N1C)=O)=O)C)=O)C=C2','O=C1C2=C3C4=C(C(N(C(C4=CC(C=C)=C3C(N1C)=O)=O)C)=O)C=C2']",https://doi.org/10.1039/D2MH01100J,"[30, 162, 162]"
O=C1/C(/C2C=CC(C3=CC=C([Cs])S3)=NC=2N1CCOCCOCCOCCOC)=C1/C(N(CCOCCOCCOCCOC)C2=NC([Fr])=CC=C2/1)=O,O=C1/C(/C2C=CC(C3=CC=C([Cs])S3)=NC=2N1CCOCCOCCOCCOC)=C1/C(N(CCOCCOCCOCCOC)C2=NC([Fr])=CC=C2/1)=O,HP,17.5,1.2,-5.3,-3.84,,0.002,0.1,0.59,"['O=C1/C(C2=C(N1C)N=C(C3=CC=CS3)C=C2)=C4C(N(C5=NC=CC=C5/4)C)=O','O=C1/C(C2=C(N1C)N=C(C3=CC=CS3)C=C2)=C4C(N(C5=NC=CC=C5/4)C)=O']","['O=C1/C(C2=C(N1C)N=C(C3=CC=CS3)C=C2)=C4C(N(C5=NC=CC=C5/4)C)=O','O=C1/C(C2=C(N1C)N=C(C3=CC=CS3)C=C2)=C4C(N(C5=NC=CC=C5/4)C)=O']",https://doi.org/10.1021/acs.chemmater.2c02447,"[21, 3]"
O=C1/C(/C2C=CC(C3=C(F)C(F)=C([Cs])S3)=NC=2N1CCOCCOCCOCCOC)=C1/C(N(CCOCCOCCOCCOC)C2=NC([Fr])=CC=C2/1)=O,O=C1/C(/C2C=CC(C3=C(F)C(F)=C([Cs])S3)=NC=2N1CCOCCOCCOCCOC)=C1/C(N(CCOCCOCCOCCOC)C2=NC([Fr])=CC=C2/1)=O,HP,16.1,1.3,-5.73,-4.07,,0.049,4.18,0.45,"['O=C1/C(C2=C(N1C)N=C(C3=CC=CS3)C=C2)=C4C(N(C5=NC=CC=C5/4)C)=O','O=C1/C(C2=C(N1C)N=C(C3=CC=CS3)C=C2)=C4C(N(C5=NC=CC=C5/4)C)=O']","['O=C1/C(C2=C(N1C)N=C(C3=CC=CS3)C=C2)=C4C(N(C5=NC=CC=C5/4)C)=O','O=C1/C(C2=C(N1C)N=C(C3=CC=CS3)C=C2)=C4C(N(C5=NC=CC=C5/4)C)=O']",https://doi.org/10.1021/acs.chemmater.2c02447,"[21, 8]"
O=C1N(C(C2=CC=C([Fr])S2)=C2C(N(C(C3=CC=C(C4SC([Cs])=C5C=4C(N(C5=O)CCOCCOCCOC)=O)S3)=C21)CCOCCOCCOC)=O)CCOCCOCCOC,O=C1N(C(C2=CC=C([Fr])S2)=C2C(N(C(C3=CC=C(C4SC([Cs])=C5C=4C(N(C5=O)CCOCCOCCOC)=O)S3)=C21)CCOCCOCCOC)=O)CCOCCOCCOC,HP,20.6,1.8,-5.2,-4.01,,0.11,7.94,0.575,"['O=C1N(C)C(C2=CC=CS2)=C3C(N(C)C=C31)=O','O=C1N(C)C(C2=CC=CS2)=C3C(N(C)C=C31)=O','O=C(C1=CSC(C2=CC=CS2)=C13)N(C)C3=O','O=C(C1=CSC(C2=CC=CS2)=C13)N(C)C3=O']","['O=C1N(C)C(C2=CC=CS2)=C3C(N(C)C=C31)=O','O=C1N(C)C(C2=CC=CS2)=C3C(N(C)C=C31)=O','O=C(C1=CSC(C2=CC=CS2)=C13)N(C)C3=O','O=C(C1=CSC(C2=CC=CS2)=C13)N(C)C3=O']",https://doi.org/10.1002/aelm.202300026,"[3, 30, 3, 75]"
O=C1C([Fr])c2cc3c(C(C(c4cc5c(C([Cs])C(O5)=O)cc4O6)C6=O)C(O3)=O)cc2O1,O=C1C([Fr])c2cc3c(C(C(c4cc5c(C([Cs])C(O5)=O)cc4O6)C6=O)C(O3)=O)cc2O1,HP,42,,-4.86,-3.96,,1.01,180,,['O=C1cc(c(O1)c2)cc3c2c(C(O3)=O)c(C4=O)c(c(O4)c5)cc6c5cC(O6)=O'],['O=C1cc(c(O1)c2)cc3c2c(C(O3)=O)c(C4=O)c(c(O4)c5)cc6c5cC(O6)=O'],https://doi.org/10.1038/s41586-022-05295-8,[219]
[H]C1=C(SC(C2=CC3=C(C4=C(C5=C(C6=C(C7=C(C(N(C6=O)CC(COCCOCCOC)COCCOCCOC)=O)C=C(S7)[Fr])S5)S4)C(N(C3=O)CC(COCCOCCOC)COCCOCCOC)=O)S2)=C1[H])[Cs],[H]C1=C(SC(C2=CC3=C(C4=C(C5=C(C6=C(C7=C(C(N(C6=O)CC(COCCOCCOC)COCCOCCOC)=O)C=C(S7)[Fr])S5)S4)C(N(C3=O)CC(COCCOCCOC)COCCOCCOC)=O)S2)=C1[H])[Cs],HP,6.7,1.2,-5.35,-3.65,,0.044,2.3,0.68,"['[H]C1=CSC(C2=CC3=C(C4=C(C5=C(C6=C(C7=C(C(N(C6=O)C)=O)C=CS7)S5)S4)C(N(C3=O)C)=O)S2)=C1[H]','[H]C1=CSC(C2=CC3=C(C4=C(C5=C(C6=C(C7=C(C(N(C6=O)C)=O)C=CS7)S5)S4)C(N(C3=O)C)=O)S2)=C1[H]']","['[H]C1=CSC(C2=CC3=C(C4=C(C5=C(C6=C(C7=C(C(N(C6=O)C)=O)C=CS7)S5)S4)C(N(C3=O)C)=O)S2)=C1[H]','[H]C1=CSC(C2=CC3=C(C4=C(C5=C(C6=C(C7=C(C(N(C6=O)C)=O)C=CS7)S5)S4)C(N(C3=O)C)=O)S2)=C1[H]']",https://doi.org/10.1002/ange.202109281,"[97, 3]"
COCCOCCOCC(CN1C(C2=C(C3=C(C4=C(C5=C(C6=C(C(N(C5=O)CC(COCCOCCOC)COCCOCCOC)=O)C=C(S6)C7=C(C(F)=C(S7)[Cs])F)S4)S3)C1=O)SC([Fr])=C2)=O)COCCOCCOC,COCCOCCOCC(CN1C(C2=C(C3=C(C4=C(C5=C(C6=C(C(N(C5=O)CC(COCCOCCOC)COCCOCCOC)=O)C=C(S6)C7=C(C(F)=C(S7)[Cs])F)S4)S3)C1=O)SC([Fr])=C2)=O)COCCOCCOC,HP,6.2,1.37,-5.59,-3.82,,0.034,15.2,0.53,"['CN1C(C2=C(C3=C(C4=C(C5=C(C6=C(C(N(C5=O)C)=O)C=C(S6)C7=C(C(F)=CS7)F)S4)S3)C1=O)SC=C2)=O','CN1C(C2=C(C3=C(C4=C(C5=C(C6=C(C(N(C5=O)C)=O)C=C(S6)C7=C(C(F)=CS7)F)S4)S3)C1=O)SC=C2)=O']","['CN1C(C2=C(C3=C(C4=C(C5=C(C6=C(C(N(C5=O)C)=O)C=C(S6)C7=C(C(F)=CS7)F)S4)S3)C1=O)SC=C2)=O','CN1C(C2=C(C3=C(C4=C(C5=C(C6=C(C(N(C5=O)C)=O)C=C(S6)C7=C(C(F)=CS7)F)S4)S3)C1=O)SC=C2)=O']",https://doi.org/10.1002/ange.202109281,"[97, 8]"
O=C1N(CCCC(COCCOCCOCCOC)COCCOCCOCCOC)C(C2=CC=C([Fr])S2)=C3C(N(CCCC(COCCOCCOCCOC)COCCOCCOCCOC)C(C4=CC=C(S4)C5=CC=C(S5)[Cs])=C31)=O,O=C1N(CCCC(COCCOCCOCCOC)COCCOCCOCCOC)C(C2=CC=C([Fr])S2)=C3C(N(CCCC(COCCOCCOCCOC)COCCOCCOCCOC)C(C4=CC=C(S4)C5=CC=C(S5)[Cs])=C31)=O,HP,32.6,2.067484663,-4.86,-3.69,0.4,,65.1,-0.62,"['C1(C2=CC=CS2)=CC=CS1','O=C1N(C=C2C(N(C(C3=CC=CS3)=C21)C)=O)C','O=C1N(C=C2C(N(C(C3=CC=CS3)=C21)C)=O)C','C1(C2=CC=CS2)=CC=CS1']","['C1(C2=CC=CS2)=CC=CS1','O=C1N(C=C2C(N(C(C3=CC=CS3)=C21)C)=O)C','O=C1N(C=C2C(N(C(C3=CC=CS3)=C21)C)=O)C','C1(C2=CC=CS2)=CC=CS1']",https://doi.org/10.1038/s41467-022-33553-w,"[3, 30, 3, 3]"
O=C1N(CCCC(COCCOCCOCCOC)COCCOCCOCCOC)C(C2=CC=C([Fr])S2)=C3C(N(CCCC(COCCOCCOCCOC)COCCOCCOCCOC)C(C4=CC=C(S4)C5=C(F)C(F)=C([Cs])S5)=C31)=O,O=C1N(CCCC(COCCOCCOCCOC)COCCOCCOCCOC)C(C2=CC=C([Fr])S2)=C3C(N(CCCC(COCCOCCOCCOC)COCCOCCOCCOC)C(C4=CC=C(S4)C5=C(F)C(F)=C([Cs])S5)=C31)=O,HP,30.7,2.117263844,-5.2,-3.86,0,0.35,54.8,0.64,"['FC(C(F)=CS1)=C1C2=CC=CS2','O=C1N(C=C2C(N(C(C3=CC=CS3)=C21)C)=O)C','O=C1N(C=C2C(N(C(C3=CC=CS3)=C21)C)=O)C','FC(C(F)=CS1)=C1C2=CC=CS2']","['FC(C(F)=CS1)=C1C2=CC=CS2','O=C1N(C=C2C(N(C(C3=CC=CS3)=C21)C)=O)C','O=C1N(C=C2C(N(C(C3=CC=CS3)=C21)C)=O)C','FC(C(F)=CS1)=C1C2=CC=CS2']",https://doi.org/10.1038/s41467-022-33553-w,"[3, 30, 3, 8]"
COCCOCCOCCOCCCCCN(C1=C/2SC([Fr])=C1)C(C2=C(C3=C(N4CCCCCOCCOCCOCCOC)C=C(C5=CC=C(C6=NSN=C56)[Cs])S3)\C4=O)=O,COCCOCCOCCOCCCCCN(C1=C/2SC([Fr])=C1)C(C2=C(C3=C(N4CCCCCOCCOCCOCCOC)C=C(C5=CC=C(C6=NSN=C56)[Cs])S3)\C4=O)=O,HP,26,,-6,-3.02,,0.0018,0.15,0.55,"['CN(C(/C1=C(C2=O)\C3=C(C=C(S3)C4=CC=CC5=NSN=C45)N2C)=O)C6=C1SC=C6','CN(C(/C1=C(C2=O)\C3=C(C=C(S3)C4=CC=CC5=NSN=C45)N2C)=O)C6=C1SC=C6']","['CN(C(/C1=C(C2=O)\C3=C(C=C(S3)C4=CC=CC5=NSN=C45)N2C)=O)C6=C1SC=C6','CN(C(/C1=C(C2=O)\C3=C(C=C(S3)C4=CC=CC5=NSN=C45)N2C)=O)C6=C1SC=C6']",https://doi.org/10.1002/adma.202107829,"[23, 31]"
O=C1/C(/C2C(=CC3/C(/C(OC=3C=2)=O)=C2\C(N(CCOCCOCCOCCOCCOCCOC)C3=CC([Fr])=CC=C3\2)=O)O1)=C1\C2C=CC(/C=C/[Cs])=CC=2N(CCOCCOCCOCCOCCOCCOC)C\1=O,O=C1/C(/C2C(=CC3/C(/C(OC=3C=2)=O)=C2\C(N(CCOCCOCCOCCOCCOCCOC)C3=CC([Fr])=CC=C3\2)=O)O1)=C1\C2C=CC(/C=C/[Cs])=CC=2N(CCOCCOCCOCCOCCOCCOC)C\1=O,HP,14,,-5.77,-4.27,,0.117,15.31,0.17,"['O=C1/C(C2=CC3=C(/C(C(O3)=O)=C4C(N(C5=CC=CC=C5\4)C)=O)C=C2O1)=C6C7=C(N(C\6=O)C)C=C(C=C)C=C7','O=C1/C(C2=CC3=C(/C(C(O3)=O)=C4C(N(C5=CC=CC=C5\4)C)=O)C=C2O1)=C6C7=C(N(C\6=O)C)C=C(C=C)C=C7']","['O=C1/C(C2=CC3=C(/C(C(O3)=O)=C4C(N(C5=CC=CC=C5\4)C)=O)C=C2O1)=C6C7=C(N(C\6=O)C)C=C(C=C)C=C7','O=C1/C(C2=CC3=C(/C(C(O3)=O)=C4C(N(C5=CC=CC=C5\4)C)=O)C=C2O1)=C6C7=C(N(C\6=O)C)C=C(C=C)C=C7']",https://doi.org/10.1002/adfm.202304103,"[24, 162]"
O=C1/C(/C2C(=CC3/C(/C(OC=3C=2)=O)=C2\C(N(CCOCCOCCOCCOCCOCCOC)C3=C(F)C([Fr])=CC=C3\2)=O)O1)=C1\C2C=CC(/C=C/[Cs])=C(F)C=2N(CCOCCOCCOCCOCCOCCOC)C\1=O,O=C1/C(/C2C(=CC3/C(/C(OC=3C=2)=O)=C2\C(N(CCOCCOCCOCCOCCOCCOC)C3=C(F)C([Fr])=CC=C3\2)=O)O1)=C1\C2C=CC(/C=C/[Cs])=C(F)C=2N(CCOCCOCCOCCOCCOCCOC)C\1=O,HP,14,,-6.12,-4.45,,0.912,111.52,0.02,"['O=C1/C(C2=CC3=C(/C(C(O3)=O)=C4C(N(C5=C(C=CC=C5\4)F)C)=O)C=C2O1)=C6C7=C(N(C\6=O)C)C(F)=C(C=C)C=C7','O=C1/C(C2=CC3=C(/C(C(O3)=O)=C4C(N(C5=C(C=CC=C5\4)F)C)=O)C=C2O1)=C6C7=C(N(C\6=O)C)C(F)=C(C=C)C=C7']","['O=C1/C(C2=CC3=C(/C(C(O3)=O)=C4C(N(C5=C(C=CC=C5\4)F)C)=O)C=C2O1)=C6C7=C(N(C\6=O)C)C(F)=C(C=C)C=C7','O=C1/C(C2=CC3=C(/C(C(O3)=O)=C4C(N(C5=C(C=CC=C5\4)F)C)=O)C=C2O1)=C6C7=C(N(C\6=O)C)C(F)=C(C=C)C=C7']",https://doi.org/10.1002/adfm.202304103,"[42, 162]"
O(CCOCCOCCOC)C1C=C([Cs])C(=CC=1C1SC(C2=CC=C([Fr])S2)=CC=1)OCCOCCOCCOC,O(CCOCCOCCOC)C1C=C([Cs])C(=CC=1C1SC(C2=CC=C([Fr])S2)=CC=1)OCCOCCOCCOC,HP,8.9,1.1,-4.63,-2.32,0.18,,29,,"['C1(C2=CC=CS2)=CC=CS1','COC1=C(C2=CC=CS2)C=C(OC)C=C1','COC1=C(C2=CC=CS2)C=C(OC)C=C1']","['C1(C2=CC=CS2)=CC=CS1','COC1=C(C2=CC=CS2)C=C(OC)C=C1','COC1=C(C2=CC=CS2)C=C(OC)C=C1']",https://doi.org/10.1021/jacs.9b12769,"[3, 3, 80]"
